WARNING 2024-12-08 14:35:06,708 log Not Found: /api/
WARNING 2024-12-08 14:36:53,338 log Not Found: /api/
WARNING 2024-12-08 14:43:08,913 log Not Found: /api/
WARNING 2024-12-08 14:46:15,181 log Not Found: /api/
WARNING 2024-12-08 14:50:53,047 log Not Found: /api/register/
WARNING 2024-12-08 14:53:26,653 log Not Found: /api/register/
WARNING 2024-12-08 14:53:31,366 log Not Found: /api/
WARNING 2024-12-08 14:53:33,162 log Not Found: /api/
WARNING 2024-12-08 14:55:59,772 log Not Found: /api/
WARNING 2024-12-08 14:56:04,263 log Not Found: /api/
WARNING 2024-12-08 14:56:17,124 log Not Found: /api/customers
WARNING 2024-12-08 14:56:20,492 log Not Found: /api/customers/
WARNING 2024-12-08 14:56:33,488 log Not Found: /api/
WARNING 2024-12-08 14:56:37,389 log Not Found: /api/
WARNING 2024-12-08 14:56:46,355 log Not Found: /api/customers/
WARNING 2024-12-08 14:56:48,330 log Not Found: /api/customers
WARNING 2024-12-08 15:05:17,405 log Not Found: /api/register/
WARNING 2024-12-08 15:09:34,979 log Not Found: /api/register/
WARNING 2024-12-08 15:13:07,851 log Not Found: /
WARNING 2024-12-08 15:13:11,273 log Not Found: /
WARNING 2024-12-12 01:57:11,667 log Not Found: /api/session/properties
WARNING 2024-12-12 10:06:30,898 log Not Found: /api/register/
WARNING 2024-12-12 10:06:33,015 log Not Found: /api/register/
WARNING 2024-12-12 10:06:33,583 log Not Found: /api/register/
WARNING 2024-12-12 10:06:33,714 log Not Found: /api/register/
WARNING 2024-12-12 10:07:02,609 log Not Found: /api/register/
WARNING 2024-12-12 10:07:03,023 log Not Found: /api/register/
WARNING 2024-12-12 10:07:03,216 log Not Found: /api/register/
WARNING 2024-12-12 10:07:03,403 log Not Found: /api/register/
WARNING 2024-12-12 10:07:03,555 log Not Found: /api/register/
WARNING 2024-12-12 10:07:03,747 log Not Found: /api/register/
WARNING 2024-12-12 10:07:03,935 log Not Found: /api/register/
WARNING 2024-12-12 10:07:04,083 log Not Found: /api/register/
WARNING 2024-12-12 10:07:14,988 log Not Found: /api/register/
WARNING 2024-12-12 10:07:15,195 log Not Found: /api/register/
WARNING 2024-12-12 10:07:15,588 log Not Found: /api/register/
WARNING 2024-12-12 10:07:15,807 log Not Found: /api/register/
WARNING 2024-12-12 10:07:17,027 log Not Found: /api/register/
WARNING 2024-12-12 10:07:17,515 log Not Found: /api/register/
WARNING 2024-12-12 10:07:17,828 log Not Found: /api/register/
WARNING 2024-12-12 10:07:18,256 log Not Found: /api/register/
WARNING 2024-12-12 10:07:18,865 log Not Found: /api/register/
WARNING 2024-12-12 10:07:19,252 log Not Found: /api/register/
WARNING 2024-12-12 10:07:19,595 log Not Found: /api/register/
WARNING 2024-12-12 10:07:30,163 log Not Found: /api/register/
WARNING 2024-12-12 10:07:30,393 log Not Found: /api/register/
WARNING 2024-12-12 10:07:30,643 log Not Found: /api/register/
WARNING 2024-12-12 10:07:32,455 log Not Found: /api/register/
WARNING 2024-12-12 10:07:32,695 log Not Found: /api/register/
WARNING 2024-12-12 10:07:32,904 log Not Found: /api/register/
WARNING 2024-12-12 10:07:33,520 log Not Found: /api/register/
WARNING 2024-12-12 10:07:33,708 log Not Found: /api/register/
WARNING 2024-12-12 10:07:34,048 log Not Found: /api/register/
WARNING 2024-12-12 10:07:34,183 log Not Found: /api/register/
WARNING 2024-12-12 10:09:52,821 log Not Found: /api/register/
WARNING 2024-12-12 10:09:52,877 log Not Found: /api/register/
WARNING 2024-12-12 10:09:52,917 log Not Found: /api/register/
WARNING 2024-12-12 10:09:53,081 log Not Found: /api/register/
WARNING 2024-12-13 17:49:26,485 log Not Found: /api/vendor/phpunit/phpunit/src/Util/PHP/eval-stdin.php
WARNING 2024-12-14 23:34:26,007 log Not Found: /api/vendor/phpunit/phpunit/src/Util/PHP/eval-stdin.php
WARNING 2024-12-15 03:56:01,368 log Not Found: /api/.env
WARNING 2024-12-15 08:07:18,237 log Not Found: /api/vendor/phpunit/phpunit/src/Util/PHP/eval-stdin.php
WARNING 2024-12-15 10:52:06,178 log Not Found: /api/v1/env
WARNING 2024-12-15 10:52:06,895 log Not Found: /api/v1/actuator/env
WARNING 2024-12-15 10:52:07,296 log Not Found: /api/v2/env
WARNING 2024-12-15 10:52:07,626 log Not Found: /api/v2/actuator/env
WARNING 2024-12-16 11:28:58,510 log Not Found: /api/.env
WARNING 2024-12-16 11:28:59,354 log Not Found: /api/.env
WARNING 2024-12-16 11:32:37,247 log Not Found: /api/index.php/v1/config/application
WARNING 2024-12-17 09:38:11,999 log Not Found: /api/vendor/phpunit/phpunit/src/Util/PHP/eval-stdin.php
WARNING 2024-12-18 01:34:48,074 log Not Found: /api/vendor/phpunit/phpunit/src/Util/PHP/eval-stdin.php
WARNING 2024-12-19 07:17:07,271 log Not Found: /api/vendor/phpunit/phpunit/src/Util/PHP/eval-stdin.php
WARNING 2024-12-19 08:22:10,905 log Not Found: /api/login/
WARNING 2024-12-19 08:48:45,109 log Bad Request: /api/customers/
WARNING 2024-12-19 08:49:12,708 log Not Found: /api/customers/1/
WARNING 2024-12-19 08:49:13,334 log Not Found: /api/customers/1/
WARNING 2024-12-19 08:49:13,503 log Not Found: /api/customers/1/
WARNING 2024-12-19 08:49:13,647 log Not Found: /api/customers/1/
WARNING 2024-12-19 08:49:13,793 log Not Found: /api/customers/1/
WARNING 2024-12-19 08:49:13,954 log Not Found: /api/customers/1/
WARNING 2024-12-19 08:49:14,171 log Not Found: /api/customers/1/
WARNING 2024-12-19 09:14:51,702 log Unauthorized: /api/login/
WARNING 2024-12-19 09:15:54,174 log Not Found: /api/customers/0/
WARNING 2024-12-19 09:15:54,359 log Not Found: /api/customers/0/
WARNING 2024-12-19 09:15:54,531 log Not Found: /api/customers/0/
WARNING 2024-12-19 09:15:54,729 log Not Found: /api/customers/0/
WARNING 2024-12-19 09:20:33,918 log Not Found: /api/customers/2/
INFO 2024-12-19 10:17:47,829 autoreload Watching for file changes with StatReloader
DEBUG 2024-12-19 10:17:47,829 autoreload Waiting for apps ready_event.
DEBUG 2024-12-19 10:17:47,864 autoreload Apps ready_event triggered. Sending autoreload_started signal.
DEBUG 2024-12-19 10:17:47,870 autoreload Watching dir /home/fennyfeins/srv/webserver/stromszky/backend/venv/lib/python3.12/site-packages/rest_framework/templates with glob **/*.
DEBUG 2024-12-19 10:17:47,870 autoreload Watching dir /home/fennyfeins/srv/webserver/stromszky/backend/api/templates with glob **/*.
DEBUG 2024-12-19 10:17:47,870 autoreload Watching dir /home/fennyfeins/srv/webserver/stromszky/backend/locale with glob **/*.mo.
DEBUG 2024-12-19 10:17:47,870 autoreload Watching dir /home/fennyfeins/srv/webserver/stromszky/backend/api/locale with glob **/*.mo.
DEBUG 2024-12-19 10:17:47,870 autoreload Watching dir /home/fennyfeins/srv/webserver/stromszky/backend/venv/lib/python3.12/site-packages/corsheaders/locale with glob **/*.mo.
DEBUG 2024-12-19 10:17:47,870 autoreload Watching dir /home/fennyfeins/srv/webserver/stromszky/backend/venv/lib/python3.12/site-packages/rest_framework/locale with glob **/*.mo.
DEBUG 2024-12-19 10:17:47,959 autoreload File /home/fennyfeins/srv/webserver/stromszky/backend/venv/lib/python3.12/site-packages/django/db/backends/mysql/creation.py first seen with mtime 1733653708.677701
DEBUG 2024-12-19 10:17:47,959 autoreload File /usr/lib/python3.12/asyncio/futures.py first seen with mtime 1730917939.0
DEBUG 2024-12-19 10:17:47,959 autoreload File /home/fennyfeins/srv/webserver/stromszky/backend/venv/lib/python3.12/site-packages/django/db/backends/base/schema.py first seen with mtime 1733653708.675701
DEBUG 2024-12-19 10:17:47,959 autoreload File /home/fennyfeins/srv/webserver/stromszky/backend/venv/lib/python3.12/site-packages/django/utils/tree.py first seen with mtime 1733653708.730701
DEBUG 2024-12-19 10:17:47,959 autoreload File /home/fennyfeins/srv/webserver/stromszky/backend/venv/lib/python3.12/site-packages/django/template/loaders/cached.py first seen with mtime 1733653708.719701
DEBUG 2024-12-19 10:17:47,959 autoreload File /home/fennyfeins/srv/webserver/stromszky/backend/venv/lib/python3.12/site-packages/django/core/checks/security/base.py first seen with mtime 1733653708.660701
DEBUG 2024-12-19 10:17:47,959 autoreload File /home/fennyfeins/srv/webserver/stromszky/backend/venv/lib/python3.12/site-packages/django/views/generic/edit.py first seen with mtime 1733653708.7357008
DEBUG 2024-12-19 10:17:47,959 autoreload File /home/fennyfeins/srv/webserver/stromszky/backend/venv/lib/python3.12/site-packages/rest_framework/schemas/coreapi.py first seen with mtime 1733653785.6536465
DEBUG 2024-12-19 10:17:47,959 autoreload File /home/fennyfeins/srv/webserver/stromszky/backend/venv/lib/python3.12/site-packages/django/contrib/messages/constants.py first seen with mtime 1733653708.502701
DEBUG 2024-12-19 10:17:47,959 autoreload File /home/fennyfeins/srv/webserver/stromszky/backend/venv/lib/python3.12/site-packages/django/conf/locale/__init__.py first seen with mtime 1733653708.0387008
DEBUG 2024-12-19 10:17:47,959 autoreload File /usr/lib/python3.12/email/header.py first seen with mtime 1730917939.0
DEBUG 2024-12-19 10:17:47,959 autoreload File /home/fennyfeins/srv/webserver/stromszky/backend/venv/lib/python3.12/site-packages/sqlparse/filters/tokens.py first seen with mtime 1733653707.9337008
DEBUG 2024-12-19 10:17:47,959 autoreload File /usr/lib/python3.12/asyncio/base_subprocess.py first seen with mtime 1730917939.0
DEBUG 2024-12-19 10:17:47,959 autoreload File /usr/lib/python3.12/email/iterators.py first seen with mtime 1730917939.0
DEBUG 2024-12-19 10:17:47,959 autoreload File /home/fennyfeins/srv/webserver/stromszky/backend/venv/lib/python3.12/site-packages/django/db/models/functions/comparison.py first seen with mtime 1733653708.694701
DEBUG 2024-12-19 10:17:47,959 autoreload File /home/fennyfeins/srv/webserver/stromszky/backend/venv/lib/python3.12/site-packages/sqlparse/filters/others.py first seen with mtime 1733653707.9327009
DEBUG 2024-12-19 10:17:47,959 autoreload File /usr/lib/python3.12/logging/config.py first seen with mtime 1730917939.0
DEBUG 2024-12-19 10:17:47,960 autoreload File /usr/lib/python3.12/urllib/response.py first seen with mtime 1730917939.0
DEBUG 2024-12-19 10:17:47,960 autoreload File /home/fennyfeins/srv/webserver/stromszky/backend/venv/lib/python3.12/site-packages/django/core/cache/backends/filebased.py first seen with mtime 1733653708.658701
DEBUG 2024-12-19 10:17:47,960 autoreload File /home/fennyfeins/srv/webserver/stromszky/backend/venv/lib/python3.12/site-packages/django/utils/encoding.py first seen with mtime 1733653708.727701
DEBUG 2024-12-19 10:17:47,960 autoreload File /usr/lib/python3.12/re/_casefix.py first seen with mtime 1730917939.0
DEBUG 2024-12-19 10:17:47,960 autoreload File /home/fennyfeins/srv/webserver/stromszky/backend/venv/lib/python3.12/site-packages/django/template/backends/base.py first seen with mtime 1733653708.718701
DEBUG 2024-12-19 10:17:47,960 autoreload File /home/fennyfeins/srv/webserver/stromszky/backend/venv/lib/python3.12/site-packages/rest_framework/serializers.py first seen with mtime 1733653785.6276464
DEBUG 2024-12-19 10:17:47,960 autoreload File /home/fennyfeins/srv/webserver/stromszky/backend/venv/lib/python3.12/site-packages/django/core/checks/files.py first seen with mtime 1733653708.6597009
DEBUG 2024-12-19 10:17:47,960 autoreload File /home/fennyfeins/srv/webserver/stromszky/backend/venv/lib/python3.12/site-packages/django/core/handlers/exception.py first seen with mtime 1733653708.664701
DEBUG 2024-12-19 10:17:47,960 autoreload File /home/fennyfeins/srv/webserver/stromszky/backend/venv/lib/python3.12/site-packages/django/core/files/images.py first seen with mtime 1733653708.661701
DEBUG 2024-12-19 10:17:47,960 autoreload File /home/fennyfeins/srv/webserver/stromszky/backend/venv/lib/python3.12/site-packages/django/db/backends/mysql/base.py first seen with mtime 1733653708.6767008
DEBUG 2024-12-19 10:17:47,960 autoreload File /usr/lib/python3.12/email/mime/__init__.py first seen with mtime 1730917939.0
DEBUG 2024-12-19 10:17:47,960 autoreload File /home/fennyfeins/srv/webserver/stromszky/backend/venv/lib/python3.12/site-packages/sqlparse/exceptions.py first seen with mtime 1733653707.930701
DEBUG 2024-12-19 10:17:47,960 autoreload File /home/fennyfeins/srv/webserver/stromszky/backend/venv/lib/python3.12/site-packages/django/core/files/base.py first seen with mtime 1733653708.661701
DEBUG 2024-12-19 10:17:47,960 autoreload File /usr/lib/python3.12/email/utils.py first seen with mtime 1730917939.0
DEBUG 2024-12-19 10:17:47,960 autoreload File /home/fennyfeins/srv/webserver/stromszky/backend/venv/lib/python3.12/site-packages/django/core/management/color.py first seen with mtime 1733653708.6667008
DEBUG 2024-12-19 10:17:47,960 autoreload File /home/fennyfeins/srv/webserver/stromszky/backend/venv/lib/python3.12/site-packages/django/core/mail/__init__.py first seen with mtime 1733653708.664701
DEBUG 2024-12-19 10:17:47,960 autoreload File /home/fennyfeins/srv/webserver/stromszky/backend/venv/lib/python3.12/site-packages/django/db/models/constraints.py first seen with mtime 1733653708.688701
DEBUG 2024-12-19 10:17:47,960 autoreload File /usr/lib/python3.12/calendar.py first seen with mtime 1730917939.0
DEBUG 2024-12-19 10:17:47,960 autoreload File /usr/lib/python3.12/contextvars.py first seen with mtime 1730917939.0
DEBUG 2024-12-19 10:17:47,960 autoreload File /home/fennyfeins/srv/webserver/stromszky/backend/venv/lib/python3.12/site-packages/django/utils/translation/trans_real.py first seen with mtime 1733653708.732701
DEBUG 2024-12-19 10:17:47,960 autoreload File /home/fennyfeins/srv/webserver/stromszky/backend/venv/lib/python3.12/site-packages/django/contrib/admin/sites.py first seen with mtime 1733653708.122701
DEBUG 2024-12-19 10:17:47,960 autoreload File /home/fennyfeins/srv/webserver/stromszky/backend/api/urls.py first seen with mtime 1733666619.1227663
DEBUG 2024-12-19 10:17:47,960 autoreload File /home/fennyfeins/srv/webserver/stromszky/backend/venv/lib/python3.12/site-packages/django/db/backends/base/creation.py first seen with mtime 1733653708.674701
DEBUG 2024-12-19 10:17:47,960 autoreload File /home/fennyfeins/srv/webserver/stromszky/backend/venv/lib/python3.12/site-packages/django/db/models/constants.py first seen with mtime 1733653708.688701
DEBUG 2024-12-19 10:17:47,960 autoreload File /home/fennyfeins/srv/webserver/stromszky/backend/venv/lib/python3.12/site-packages/django/core/cache/backends/locmem.py first seen with mtime 1733653708.658701
DEBUG 2024-12-19 10:17:47,960 autoreload File /usr/lib/python3.12/_weakrefset.py first seen with mtime 1730917939.0
DEBUG 2024-12-19 10:17:47,960 autoreload File /home/fennyfeins/srv/webserver/stromszky/backend/venv/lib/python3.12/site-packages/django/core/files/uploadhandler.py first seen with mtime 1733653708.662701
DEBUG 2024-12-19 10:17:47,960 autoreload File /home/fennyfeins/srv/webserver/stromszky/backend/venv/lib/python3.12/site-packages/django/db/backends/base/introspection.py first seen with mtime 1733653708.675701
DEBUG 2024-12-19 10:17:47,960 autoreload File /usr/lib/python3.12/wsgiref/__init__.py first seen with mtime 1730917939.0
DEBUG 2024-12-19 10:17:47,960 autoreload File /home/fennyfeins/srv/webserver/stromszky/backend/venv/lib/python3.12/site-packages/django/contrib/contenttypes/apps.py first seen with mtime 1733653708.332701
DEBUG 2024-12-19 10:17:47,960 autoreload File /home/fennyfeins/srv/webserver/stromszky/backend/venv/lib/python3.12/site-packages/django/template/autoreload.py first seen with mtime 1733653708.7157009
DEBUG 2024-12-19 10:17:47,960 autoreload File /home/fennyfeins/srv/webserver/stromszky/backend/venv/lib/python3.12/site-packages/django/contrib/staticfiles/views.py first seen with mtime 1733653708.654701
DEBUG 2024-12-19 10:17:47,960 autoreload File /usr/lib/python3.12/secrets.py first seen with mtime 1730917939.0
DEBUG 2024-12-19 10:17:47,961 autoreload File /home/fennyfeins/srv/webserver/stromszky/backend/venv/lib/python3.12/site-packages/django/db/models/fields/related.py first seen with mtime 1733653708.693701
DEBUG 2024-12-19 10:17:47,961 autoreload File /home/fennyfeins/srv/webserver/stromszky/backend/venv/lib/python3.12/site-packages/asgiref/current_thread_executor.py first seen with mtime 1733653707.987701
DEBUG 2024-12-19 10:17:47,961 autoreload File /home/fennyfeins/srv/webserver/stromszky/backend/venv/lib/python3.12/site-packages/django/core/checks/security/csrf.py first seen with mtime 1733653708.660701
DEBUG 2024-12-19 10:17:47,961 autoreload File /home/fennyfeins/srv/webserver/stromszky/backend/venv/lib/python3.12/site-packages/django/templatetags/i18n.py first seen with mtime 1733653708.720701
DEBUG 2024-12-19 10:17:47,961 autoreload File /home/fennyfeins/srv/webserver/stromszky/backend/venv/lib/python3.12/site-packages/django/template/base.py first seen with mtime 1733653708.716701
DEBUG 2024-12-19 10:17:47,961 autoreload File /home/fennyfeins/srv/webserver/stromszky/backend/api/serializers.py first seen with mtime 1733469847.8435373
DEBUG 2024-12-19 10:17:47,961 autoreload File /home/fennyfeins/srv/webserver/stromszky/backend/venv/lib/python3.12/site-packages/django/db/models/functions/math.py first seen with mtime 1733653708.695701
DEBUG 2024-12-19 10:17:47,961 autoreload File /usr/lib/python3.12/importlib/__init__.py first seen with mtime 1730917939.0
DEBUG 2024-12-19 10:17:47,961 autoreload File /home/fennyfeins/srv/webserver/stromszky/backend/venv/lib/python3.12/site-packages/django/contrib/messages/api.py first seen with mtime 1733653708.5017009
DEBUG 2024-12-19 10:17:47,961 autoreload File /usr/lib/python3.12/concurrent/futures/_base.py first seen with mtime 1730917939.0
DEBUG 2024-12-19 10:17:47,961 autoreload File /usr/lib/python3.12/collections/abc.py first seen with mtime 1730917939.0
DEBUG 2024-12-19 10:17:47,961 autoreload File /home/fennyfeins/srv/webserver/stromszky/backend/venv/lib/python3.12/site-packages/django/contrib/auth/models.py first seen with mtime 1733653708.282701
DEBUG 2024-12-19 10:17:47,961 autoreload File /home/fennyfeins/srv/webserver/stromszky/backend/venv/lib/python3.12/site-packages/django/utils/_os.py first seen with mtime 1733653708.724701
DEBUG 2024-12-19 10:17:47,961 autoreload File /usr/lib/python3.12/wsgiref/handlers.py first seen with mtime 1730917939.0
DEBUG 2024-12-19 10:17:47,961 autoreload File /home/fennyfeins/srv/webserver/stromszky/backend/venv/lib/python3.12/site-packages/django/utils/safestring.py first seen with mtime 1733653708.730701
DEBUG 2024-12-19 10:17:47,961 autoreload File /usr/lib/python3.12/asyncio/sslproto.py first seen with mtime 1730917939.0
DEBUG 2024-12-19 10:17:47,961 autoreload File /home/fennyfeins/srv/webserver/stromszky/backend/venv/lib/python3.12/site-packages/django/core/cache/__init__.py first seen with mtime 1733653708.657701
DEBUG 2024-12-19 10:17:47,961 autoreload File /usr/lib/python3.12/copy.py first seen with mtime 1730917939.0
DEBUG 2024-12-19 10:17:47,961 autoreload File /home/fennyfeins/srv/webserver/stromszky/backend/venv/lib/python3.12/site-packages/django/utils/version.py first seen with mtime 1733653708.731701
DEBUG 2024-12-19 10:17:47,961 autoreload File /home/fennyfeins/srv/webserver/stromszky/backend/venv/lib/python3.12/site-packages/rest_framework/metadata.py first seen with mtime 1733653785.6246464
DEBUG 2024-12-19 10:17:47,961 autoreload File /home/fennyfeins/srv/webserver/stromszky/backend/venv/lib/python3.12/site-packages/django/dispatch/__init__.py first seen with mtime 1733653708.697701
DEBUG 2024-12-19 10:17:47,961 autoreload File /home/fennyfeins/srv/webserver/stromszky/backend/venv/lib/python3.12/site-packages/sqlparse/keywords.py first seen with mtime 1733653707.930701
DEBUG 2024-12-19 10:17:47,961 autoreload File /home/fennyfeins/srv/webserver/stromszky/backend/venv/lib/python3.12/site-packages/django/db/migrations/state.py first seen with mtime 1733653708.686701
DEBUG 2024-12-19 10:17:47,961 autoreload File /home/fennyfeins/srv/webserver/stromszky/backend/venv/lib/python3.12/site-packages/django/core/checks/compatibility/django_4_0.py first seen with mtime 1733653708.660701
DEBUG 2024-12-19 10:17:47,961 autoreload File /usr/lib/python3.12/email/_parseaddr.py first seen with mtime 1730917939.0
DEBUG 2024-12-19 10:17:47,961 autoreload File /home/fennyfeins/srv/webserver/stromszky/backend/venv/lib/python3.12/site-packages/django/db/migrations/operations/__init__.py first seen with mtime 1733653708.686701
DEBUG 2024-12-19 10:17:47,961 autoreload File /usr/lib/python3.12/fnmatch.py first seen with mtime 1730917939.0
DEBUG 2024-12-19 10:17:47,961 autoreload File /home/fennyfeins/srv/webserver/stromszky/backend/venv/lib/python3.12/site-packages/django/db/models/enums.py first seen with mtime 1733653708.6897008
DEBUG 2024-12-19 10:17:47,961 autoreload File /home/fennyfeins/srv/webserver/stromszky/backend/venv/lib/python3.12/site-packages/django/contrib/postgres/forms/array.py first seen with mtime 1733653708.5087008
DEBUG 2024-12-19 10:17:47,961 autoreload File /home/fennyfeins/srv/webserver/stromszky/backend/venv/lib/python3.12/site-packages/django/core/checks/compatibility/__init__.py first seen with mtime 1733653708.660701
DEBUG 2024-12-19 10:17:47,961 autoreload File /home/fennyfeins/srv/webserver/stromszky/backend/venv/lib/python3.12/site-packages/django/core/checks/security/__init__.py first seen with mtime 1733653708.660701
DEBUG 2024-12-19 10:17:47,961 autoreload File /home/fennyfeins/srv/webserver/stromszky/backend/api/__init__.py first seen with mtime 1733469847.8435373
DEBUG 2024-12-19 10:17:47,961 autoreload File /home/fennyfeins/srv/webserver/stromszky/backend/venv/lib/python3.12/site-packages/django/contrib/sessions/middleware.py first seen with mtime 1733653708.5777009
DEBUG 2024-12-19 10:17:47,961 autoreload File /home/fennyfeins/srv/webserver/stromszky/backend/venv/lib/python3.12/site-packages/django/contrib/contenttypes/views.py first seen with mtime 1733653708.333701
DEBUG 2024-12-19 10:17:47,961 autoreload File /home/fennyfeins/srv/webserver/stromszky/backend/venv/lib/python3.12/site-packages/django/core/files/uploadedfile.py first seen with mtime 1733653708.662701
DEBUG 2024-12-19 10:17:47,961 autoreload File /home/fennyfeins/srv/webserver/stromszky/backend/venv/lib/python3.12/site-packages/django/contrib/contenttypes/__init__.py first seen with mtime 1733653708.332701
DEBUG 2024-12-19 10:17:47,962 autoreload File /home/fennyfeins/srv/webserver/stromszky/backend/venv/lib/python3.12/site-packages/django/forms/renderers.py first seen with mtime 1733653708.6997008
DEBUG 2024-12-19 10:17:47,962 autoreload File /usr/lib/python3.12/asyncio/queues.py first seen with mtime 1730917939.0
DEBUG 2024-12-19 10:17:47,962 autoreload File /home/fennyfeins/srv/webserver/stromszky/backend/venv/lib/python3.12/site-packages/rest_framework/validators.py first seen with mtime 1733653785.6286466
DEBUG 2024-12-19 10:17:47,962 autoreload File /usr/lib/python3.12/html/entities.py first seen with mtime 1730917939.0
DEBUG 2024-12-19 10:17:47,962 autoreload File /home/fennyfeins/srv/webserver/stromszky/backend/venv/lib/python3.12/site-packages/django/views/__init__.py first seen with mtime 1733653708.732701
DEBUG 2024-12-19 10:17:47,962 autoreload File /usr/lib/python3.12/email/parser.py first seen with mtime 1730917939.0
DEBUG 2024-12-19 10:17:47,962 autoreload File /home/fennyfeins/srv/webserver/stromszky/backend/venv/lib/python3.12/site-packages/rest_framework/schemas/generators.py first seen with mtime 1733653785.6536465
DEBUG 2024-12-19 10:17:47,962 autoreload File /home/fennyfeins/srv/webserver/stromszky/backend/venv/lib/python3.12/site-packages/django/contrib/admin/templatetags/admin_urls.py first seen with mtime 1733653708.2387009
DEBUG 2024-12-19 10:17:47,962 autoreload File /usr/lib/python3.12/zoneinfo/__init__.py first seen with mtime 1730917939.0
DEBUG 2024-12-19 10:17:47,962 autoreload File /home/fennyfeins/srv/webserver/stromszky/backend/manage.py first seen with mtime 1733469847.8445373
DEBUG 2024-12-19 10:17:47,962 autoreload File /usr/lib/python3.12/http/__init__.py first seen with mtime 1730917939.0
DEBUG 2024-12-19 10:17:47,962 autoreload File /home/fennyfeins/srv/webserver/stromszky/backend/venv/lib/python3.12/site-packages/django/template/backends/__init__.py first seen with mtime 1733653708.718701
DEBUG 2024-12-19 10:17:47,962 autoreload File /home/fennyfeins/srv/webserver/stromszky/backend/venv/lib/python3.12/site-packages/django/contrib/admin/utils.py first seen with mtime 1733653708.1237009
DEBUG 2024-12-19 10:17:47,962 autoreload File /usr/lib/python3.12/sysconfig.py first seen with mtime 1730917939.0
DEBUG 2024-12-19 10:17:47,962 autoreload File /home/fennyfeins/srv/webserver/stromszky/backend/venv/lib/python3.12/site-packages/django/views/decorators/__init__.py first seen with mtime 1733653708.733701
DEBUG 2024-12-19 10:17:47,962 autoreload File /home/fennyfeins/srv/webserver/stromszky/backend/venv/lib/python3.12/site-packages/rest_framework/settings.py first seen with mtime 1733653785.6276464
DEBUG 2024-12-19 10:17:47,962 autoreload File /usr/lib/python3.12/json/__init__.py first seen with mtime 1730917939.0
DEBUG 2024-12-19 10:17:47,962 autoreload File /home/fennyfeins/srv/webserver/stromszky/backend/venv/lib/python3.12/site-packages/sqlparse/formatter.py first seen with mtime 1733653707.930701
DEBUG 2024-12-19 10:17:47,962 autoreload File /usr/lib/python3.12/email/mime/base.py first seen with mtime 1730917939.0
DEBUG 2024-12-19 10:17:47,962 autoreload File /usr/lib/python3.12/quopri.py first seen with mtime 1730917939.0
DEBUG 2024-12-19 10:17:47,962 autoreload File /home/fennyfeins/srv/webserver/stromszky/backend/venv/lib/python3.12/site-packages/sqlparse/cli.py first seen with mtime 1733653707.930701
DEBUG 2024-12-19 10:17:47,962 autoreload File /home/fennyfeins/srv/webserver/stromszky/backend/venv/lib/python3.12/site-packages/django/core/management/commands/__init__.py first seen with mtime 1733653708.667701
DEBUG 2024-12-19 10:17:47,962 autoreload File /usr/lib/python3.12/http/server.py first seen with mtime 1730917939.0
DEBUG 2024-12-19 10:17:47,962 autoreload File /usr/lib/python3.12/email/base64mime.py first seen with mtime 1730917939.0
DEBUG 2024-12-19 10:17:47,962 autoreload File /home/fennyfeins/srv/webserver/stromszky/backend/venv/lib/python3.12/site-packages/django/db/models/functions/__init__.py first seen with mtime 1733653708.694701
DEBUG 2024-12-19 10:17:47,962 autoreload File /home/fennyfeins/srv/webserver/stromszky/backend/venv/lib/python3.12/site-packages/django/middleware/common.py first seen with mtime 1733653708.714701
DEBUG 2024-12-19 10:17:47,962 autoreload File /usr/lib/python3.12/collections/__init__.py first seen with mtime 1730917939.0
DEBUG 2024-12-19 10:17:47,962 autoreload File /home/fennyfeins/srv/webserver/stromszky/backend/venv/lib/python3.12/site-packages/django/contrib/contenttypes/admin.py first seen with mtime 1733653708.332701
DEBUG 2024-12-19 10:17:47,962 autoreload File /home/fennyfeins/srv/webserver/stromszky/backend/venv/lib/python3.12/site-packages/django/contrib/auth/validators.py first seen with mtime 1733653708.283701
DEBUG 2024-12-19 10:17:47,962 autoreload File /home/fennyfeins/srv/webserver/stromszky/backend/venv/lib/python3.12/site-packages/django/contrib/staticfiles/__init__.py first seen with mtime 1733653708.652701
DEBUG 2024-12-19 10:17:47,962 autoreload File /home/fennyfeins/srv/webserver/stromszky/backend/venv/lib/python3.12/site-packages/django/views/generic/detail.py first seen with mtime 1733653708.7357008
DEBUG 2024-12-19 10:17:47,962 autoreload File /home/fennyfeins/srv/webserver/stromszky/backend/venv/lib/python3.12/site-packages/django/contrib/messages/utils.py first seen with mtime 1733653708.502701
DEBUG 2024-12-19 10:17:47,963 autoreload File /usr/lib/python3.12/email/_encoded_words.py first seen with mtime 1730917939.0
DEBUG 2024-12-19 10:17:47,963 autoreload File /home/fennyfeins/srv/webserver/stromszky/backend/venv/lib/python3.12/site-packages/django/contrib/sessions/backends/base.py first seen with mtime 1733653708.5777009
DEBUG 2024-12-19 10:17:47,963 autoreload File /home/fennyfeins/srv/webserver/stromszky/backend/venv/lib/python3.12/site-packages/django/db/models/functions/text.py first seen with mtime 1733653708.695701
DEBUG 2024-12-19 10:17:47,963 autoreload File /home/fennyfeins/srv/webserver/stromszky/backend/venv/lib/python3.12/site-packages/django/forms/forms.py first seen with mtime 1733653708.6997008
DEBUG 2024-12-19 10:17:47,963 autoreload File /usr/lib/python3.12/selectors.py first seen with mtime 1730917939.0
DEBUG 2024-12-19 10:17:47,963 autoreload File /home/fennyfeins/srv/webserver/stromszky/backend/venv/lib/python3.12/site-packages/rest_framework/checks.py first seen with mtime 1733653785.6216464
DEBUG 2024-12-19 10:17:47,963 autoreload File /home/fennyfeins/srv/webserver/stromszky/backend/venv/lib/python3.12/site-packages/django/contrib/admin/checks.py first seen with mtime 1733653708.1207008
DEBUG 2024-12-19 10:17:47,963 autoreload File /home/fennyfeins/srv/webserver/stromszky/backend/venv/lib/python3.12/site-packages/rest_framework/decorators.py first seen with mtime 1733653785.6226466
DEBUG 2024-12-19 10:17:47,963 autoreload File /home/fennyfeins/srv/webserver/stromszky/backend/venv/lib/python3.12/site-packages/django/template/exceptions.py first seen with mtime 1733653708.717701
DEBUG 2024-12-19 10:17:47,963 autoreload File /home/fennyfeins/srv/webserver/stromszky/backend/venv/lib/python3.12/site-packages/django/apps/__init__.py first seen with mtime 1733653708.036701
DEBUG 2024-12-19 10:17:47,963 autoreload File /usr/lib/python3.12/email/quoprimime.py first seen with mtime 1730917939.0
DEBUG 2024-12-19 10:17:47,963 autoreload File /home/fennyfeins/srv/webserver/stromszky/backend/venv/lib/python3.12/site-packages/django/forms/boundfield.py first seen with mtime 1733653708.698701
DEBUG 2024-12-19 10:17:47,963 autoreload File /home/fennyfeins/srv/webserver/stromszky/backend/venv/lib/python3.12/site-packages/django/core/handlers/asgi.py first seen with mtime 1733653708.663701
DEBUG 2024-12-19 10:17:47,963 autoreload File /home/fennyfeins/srv/webserver/stromszky/backend/venv/lib/python3.12/site-packages/django/contrib/postgres/lookups.py first seen with mtime 1733653708.504701
DEBUG 2024-12-19 10:17:47,963 autoreload File /usr/lib/python3.12/email/__init__.py first seen with mtime 1730917939.0
DEBUG 2024-12-19 10:17:47,963 autoreload File /home/fennyfeins/srv/webserver/stromszky/backend/venv/lib/python3.12/site-packages/rest_framework/utils/serializer_helpers.py first seen with mtime 1733653785.6806464
DEBUG 2024-12-19 10:17:47,963 autoreload File /home/fennyfeins/srv/webserver/stromszky/backend/venv/lib/python3.12/site-packages/django/contrib/staticfiles/management/commands/runserver.py first seen with mtime 1733653708.655701
DEBUG 2024-12-19 10:17:47,963 autoreload File /home/fennyfeins/srv/webserver/stromszky/backend/venv/lib/python3.12/site-packages/django/template/loaders/__init__.py first seen with mtime 1733653708.719701
DEBUG 2024-12-19 10:17:47,963 autoreload File /usr/lib/python3.12/email/headerregistry.py first seen with mtime 1730917939.0
DEBUG 2024-12-19 10:17:47,963 autoreload File /home/fennyfeins/srv/webserver/stromszky/backend/venv/lib/python3.12/site-packages/django/utils/timezone.py first seen with mtime 1733653708.730701
DEBUG 2024-12-19 10:17:47,963 autoreload File /home/fennyfeins/srv/webserver/stromszky/backend/venv/lib/python3.12/site-packages/sqlparse/engine/__init__.py first seen with mtime 1733653707.931701
DEBUG 2024-12-19 10:17:47,963 autoreload File /usr/lib/python3.12/asyncio/log.py first seen with mtime 1730917939.0
DEBUG 2024-12-19 10:17:47,963 autoreload File /home/fennyfeins/srv/webserver/stromszky/backend/venv/lib/python3.12/site-packages/django/core/exceptions.py first seen with mtime 1733653708.6567008
DEBUG 2024-12-19 10:17:47,963 autoreload File /home/fennyfeins/srv/webserver/stromszky/backend/venv/lib/python3.12/site-packages/django/contrib/auth/views.py first seen with mtime 1733653708.283701
DEBUG 2024-12-19 10:17:47,963 autoreload File /home/fennyfeins/srv/webserver/stromszky/backend/venv/lib/python3.12/site-packages/django/db/models/fields/json.py first seen with mtime 1733653708.6927009
DEBUG 2024-12-19 10:17:47,963 autoreload File /home/fennyfeins/srv/webserver/stromszky/backend/venv/lib/python3.12/site-packages/django/utils/asyncio.py first seen with mtime 1733653708.724701
DEBUG 2024-12-19 10:17:47,963 autoreload File /home/fennyfeins/srv/webserver/stromszky/backend/venv/lib/python3.12/site-packages/django/utils/ipv6.py first seen with mtime 1733653708.7287009
DEBUG 2024-12-19 10:17:47,963 autoreload File /home/fennyfeins/srv/webserver/stromszky/backend/venv/lib/python3.12/site-packages/sqlparse/engine/filter_stack.py first seen with mtime 1733653707.931701
DEBUG 2024-12-19 10:17:47,963 autoreload File /home/fennyfeins/srv/webserver/stromszky/backend/venv/lib/python3.12/site-packages/django/core/files/__init__.py first seen with mtime 1733653708.661701
DEBUG 2024-12-19 10:17:47,963 autoreload File /usr/lib/python3.12/email/encoders.py first seen with mtime 1730917939.0
DEBUG 2024-12-19 10:17:47,963 autoreload File /home/fennyfeins/srv/webserver/stromszky/backend/venv/lib/python3.12/site-packages/django/db/models/fields/reverse_related.py first seen with mtime 1733653708.694701
DEBUG 2024-12-19 10:17:47,963 autoreload File /usr/lib/python3.12/enum.py first seen with mtime 1730917939.0
DEBUG 2024-12-19 10:17:47,963 autoreload File /home/fennyfeins/srv/webserver/stromszky/backend/venv/lib/python3.12/site-packages/rest_framework/fields.py first seen with mtime 1733653785.6236465
DEBUG 2024-12-19 10:17:47,963 autoreload File /home/fennyfeins/srv/webserver/stromszky/backend/venv/lib/python3.12/site-packages/django/core/signals.py first seen with mtime 1733653708.6567008
DEBUG 2024-12-19 10:17:47,964 autoreload File /usr/lib/python3.12/uuid.py first seen with mtime 1730917939.0
DEBUG 2024-12-19 10:17:47,964 autoreload File /home/fennyfeins/srv/webserver/stromszky/backend/venv/lib/python3.12/site-packages/django/core/files/storage/memory.py first seen with mtime 1733653708.663701
DEBUG 2024-12-19 10:17:47,964 autoreload File /usr/lib/python3.12/html/__init__.py first seen with mtime 1730917939.0
DEBUG 2024-12-19 10:17:47,964 autoreload File /home/fennyfeins/srv/webserver/stromszky/backend/venv/lib/python3.12/site-packages/rest_framework/__init__.py first seen with mtime 1733653785.6216464
DEBUG 2024-12-19 10:17:47,964 autoreload File /home/fennyfeins/srv/webserver/stromszky/backend/venv/lib/python3.12/site-packages/django/core/files/storage/handler.py first seen with mtime 1733653708.663701
DEBUG 2024-12-19 10:17:47,964 autoreload File /usr/lib/python3.12/_compat_pickle.py first seen with mtime 1730917939.0
DEBUG 2024-12-19 10:17:47,964 autoreload File /home/fennyfeins/srv/webserver/stromszky/backend/venv/lib/python3.12/site-packages/rest_framework/schemas/inspectors.py first seen with mtime 1733653785.6536465
DEBUG 2024-12-19 10:17:47,964 autoreload File /home/fennyfeins/srv/webserver/stromszky/backend/venv/lib/python3.12/site-packages/django/template/context.py first seen with mtime 1733653708.716701
DEBUG 2024-12-19 10:17:47,964 autoreload File /home/fennyfeins/srv/webserver/stromszky/backend/venv/lib/python3.12/site-packages/django/contrib/contenttypes/models.py first seen with mtime 1733653708.333701
DEBUG 2024-12-19 10:17:47,964 autoreload File /home/fennyfeins/srv/webserver/stromszky/backend/venv/lib/python3.12/site-packages/django/core/mail/message.py first seen with mtime 1733653708.664701
DEBUG 2024-12-19 10:17:47,964 autoreload File /home/fennyfeins/srv/webserver/stromszky/backend/venv/lib/python3.12/site-packages/django/utils/inspect.py first seen with mtime 1733653708.7287009
DEBUG 2024-12-19 10:17:47,964 autoreload File /home/fennyfeins/srv/webserver/stromszky/backend/venv/lib/python3.12/site-packages/sqlparse/engine/grouping.py first seen with mtime 1733653707.9327009
DEBUG 2024-12-19 10:17:47,964 autoreload File /usr/lib/python3.12/asyncio/timeouts.py first seen with mtime 1730917939.0
DEBUG 2024-12-19 10:17:47,964 autoreload File /home/fennyfeins/srv/webserver/stromszky/backend/venv/lib/python3.12/site-packages/django/db/migrations/utils.py first seen with mtime 1733653708.686701
DEBUG 2024-12-19 10:17:47,964 autoreload File /home/fennyfeins/srv/webserver/stromszky/backend/venv/lib/python3.12/site-packages/django/contrib/contenttypes/checks.py first seen with mtime 1733653708.332701
DEBUG 2024-12-19 10:17:47,964 autoreload File /home/fennyfeins/srv/webserver/stromszky/backend/venv/lib/python3.12/site-packages/django/contrib/staticfiles/apps.py first seen with mtime 1733653708.652701
DEBUG 2024-12-19 10:17:47,964 autoreload File /home/fennyfeins/srv/webserver/stromszky/backend/venv/lib/python3.12/site-packages/django/template/defaultfilters.py first seen with mtime 1733653708.716701
DEBUG 2024-12-19 10:17:47,964 autoreload File /usr/lib/python3.12/email/message.py first seen with mtime 1730917939.0
DEBUG 2024-12-19 10:17:47,964 autoreload File /home/fennyfeins/srv/webserver/stromszky/backend/venv/lib/python3.12/site-packages/django/core/signing.py first seen with mtime 1733653708.6567008
DEBUG 2024-12-19 10:17:47,964 autoreload File /home/fennyfeins/srv/webserver/stromszky/backend/venv/lib/python3.12/site-packages/rest_framework/negotiation.py first seen with mtime 1733653785.6246464
DEBUG 2024-12-19 10:17:47,964 autoreload File /usr/lib/python3.12/asyncio/runners.py first seen with mtime 1730917939.0
DEBUG 2024-12-19 10:17:47,964 autoreload File /home/fennyfeins/srv/webserver/stromszky/backend/venv/lib/python3.12/site-packages/django/contrib/contenttypes/forms.py first seen with mtime 1733653708.333701
DEBUG 2024-12-19 10:17:47,964 autoreload File /home/fennyfeins/srv/webserver/stromszky/backend/venv/lib/python3.12/site-packages/MySQLdb/_mysql.cpython-312-x86_64-linux-gnu.so first seen with mtime 1733653707.968701
DEBUG 2024-12-19 10:17:47,964 autoreload File /home/fennyfeins/srv/webserver/stromszky/backend/venv/lib/python3.12/site-packages/django/utils/formats.py first seen with mtime 1733653708.727701
DEBUG 2024-12-19 10:17:47,964 autoreload File /home/fennyfeins/srv/webserver/stromszky/backend/venv/lib/python3.12/site-packages/django/core/files/storage/base.py first seen with mtime 1733653708.662701
DEBUG 2024-12-19 10:17:47,964 autoreload File /home/fennyfeins/srv/webserver/stromszky/backend/venv/lib/python3.12/site-packages/django/db/models/base.py first seen with mtime 1733653708.688701
DEBUG 2024-12-19 10:17:47,964 autoreload File /home/fennyfeins/srv/webserver/stromszky/backend/venv/lib/python3.12/site-packages/sqlparse/lexer.py first seen with mtime 1733653707.930701
DEBUG 2024-12-19 10:17:47,964 autoreload File /home/fennyfeins/srv/webserver/stromszky/backend/venv/lib/python3.12/site-packages/django/forms/utils.py first seen with mtime 1733653708.700701
DEBUG 2024-12-19 10:17:47,964 autoreload File /usr/lib/python3.12/token.py first seen with mtime 1730917939.0
DEBUG 2024-12-19 10:17:47,964 autoreload File /usr/lib/python3.12/__future__.py first seen with mtime 1730917939.0
DEBUG 2024-12-19 10:17:47,964 autoreload File /home/fennyfeins/srv/webserver/stromszky/backend/venv/lib/python3.12/site-packages/django/conf/global_settings.py first seen with mtime 1733653708.036701
DEBUG 2024-12-19 10:17:47,964 autoreload File /usr/lib/python3.12/tempfile.py first seen with mtime 1730917939.0
DEBUG 2024-12-19 10:17:47,964 autoreload File /home/fennyfeins/srv/webserver/stromszky/backend/venv/lib/python3.12/site-packages/django/db/models/fields/__init__.py first seen with mtime 1733653708.6927009
DEBUG 2024-12-19 10:17:47,964 autoreload File /home/fennyfeins/srv/webserver/stromszky/backend/venv/lib/python3.12/site-packages/django/db/models/fields/related_lookups.py first seen with mtime 1733653708.694701
DEBUG 2024-12-19 10:17:47,964 autoreload File /home/fennyfeins/srv/webserver/stromszky/backend/venv/lib/python3.12/site-packages/django/forms/widgets.py first seen with mtime 1733653708.700701
DEBUG 2024-12-19 10:17:47,964 autoreload File /home/fennyfeins/srv/webserver/stromszky/backend/venv/lib/python3.12/site-packages/django/shortcuts.py first seen with mtime 1733653708.0357008
DEBUG 2024-12-19 10:17:47,964 autoreload File /home/fennyfeins/srv/webserver/stromszky/backend/venv/lib/python3.12/site-packages/django/utils/autoreload.py first seen with mtime 1733653708.7257009
DEBUG 2024-12-19 10:17:47,964 autoreload File /home/fennyfeins/srv/webserver/stromszky/backend/venv/lib/python3.12/site-packages/django/contrib/auth/base_user.py first seen with mtime 1733653708.280701
DEBUG 2024-12-19 10:17:47,965 autoreload File /home/fennyfeins/srv/webserver/stromszky/backend/api/admin.py first seen with mtime 1733469847.8435373
DEBUG 2024-12-19 10:17:47,965 autoreload File /home/fennyfeins/srv/webserver/stromszky/backend/venv/lib/python3.12/site-packages/django/contrib/staticfiles/management/commands/__init__.py first seen with mtime 1733653708.654701
DEBUG 2024-12-19 10:17:47,965 autoreload File /usr/lib/python3.12/keyword.py first seen with mtime 1730917939.0
DEBUG 2024-12-19 10:17:47,965 autoreload File /usr/lib/python3.12/ssl.py first seen with mtime 1730917939.0
DEBUG 2024-12-19 10:17:47,965 autoreload File /home/fennyfeins/srv/webserver/stromszky/backend/venv/lib/python3.12/site-packages/django/dispatch/dispatcher.py first seen with mtime 1733653708.698701
DEBUG 2024-12-19 10:17:47,965 autoreload File /usr/lib/python3.12/ast.py first seen with mtime 1730917939.0
DEBUG 2024-12-19 10:17:47,965 autoreload File /usr/lib/python3.12/concurrent/__init__.py first seen with mtime 1730917939.0
DEBUG 2024-12-19 10:17:47,965 autoreload File /usr/lib/python3.12/re/_constants.py first seen with mtime 1730917939.0
DEBUG 2024-12-19 10:17:47,965 autoreload File /home/fennyfeins/srv/webserver/stromszky/backend/venv/lib/python3.12/site-packages/django/templatetags/__init__.py first seen with mtime 1733653708.720701
DEBUG 2024-12-19 10:17:47,965 autoreload File /usr/lib/python3.12/lib-dynload/_contextvars.cpython-312-x86_64-linux-gnu.so first seen with mtime 1730917939.0
DEBUG 2024-12-19 10:17:47,965 autoreload File /usr/lib/python3.12/urllib/__init__.py first seen with mtime 1730917939.0
DEBUG 2024-12-19 10:17:47,965 autoreload File /home/fennyfeins/srv/webserver/stromszky/backend/venv/lib/python3.12/site-packages/django/template/utils.py first seen with mtime 1733653708.718701
DEBUG 2024-12-19 10:17:47,965 autoreload File /home/fennyfeins/srv/webserver/stromszky/backend/venv/lib/python3.12/site-packages/django/contrib/admin/models.py first seen with mtime 1733653708.121701
DEBUG 2024-12-19 10:17:47,965 autoreload File /home/fennyfeins/srv/webserver/stromszky/backend/venv/lib/python3.12/site-packages/django/db/models/functions/window.py first seen with mtime 1733653708.695701
DEBUG 2024-12-19 10:17:47,965 autoreload File /home/fennyfeins/srv/webserver/stromszky/backend/venv/lib/python3.12/site-packages/rest_framework/response.py first seen with mtime 1733653785.6266465
DEBUG 2024-12-19 10:17:47,965 autoreload File /usr/lib/python3.12/inspect.py first seen with mtime 1730917939.0
DEBUG 2024-12-19 10:17:47,965 autoreload File /usr/lib/python3.12/asyncio/__init__.py first seen with mtime 1730917939.0
DEBUG 2024-12-19 10:17:47,965 autoreload File /usr/lib/python3.12/hashlib.py first seen with mtime 1730917939.0
DEBUG 2024-12-19 10:17:47,965 autoreload File /home/fennyfeins/srv/webserver/stromszky/backend/venv/lib/python3.12/site-packages/django/db/models/sql/__init__.py first seen with mtime 1733653708.695701
DEBUG 2024-12-19 10:17:47,965 autoreload File /usr/lib/python3.12/asyncio/events.py first seen with mtime 1730917939.0
DEBUG 2024-12-19 10:17:47,965 autoreload File /home/fennyfeins/srv/webserver/stromszky/backend/venv/lib/python3.12/site-packages/django/core/checks/database.py first seen with mtime 1733653708.6597009
DEBUG 2024-12-19 10:17:47,965 autoreload File /home/fennyfeins/srv/webserver/stromszky/backend/venv/lib/python3.12/site-packages/django/apps/registry.py first seen with mtime 1733653708.036701
DEBUG 2024-12-19 10:17:47,965 autoreload File /home/fennyfeins/srv/webserver/stromszky/backend/venv/lib/python3.12/site-packages/django/contrib/auth/backends.py first seen with mtime 1733653708.280701
DEBUG 2024-12-19 10:17:47,965 autoreload File /home/fennyfeins/srv/webserver/stromszky/backend/venv/lib/python3.12/site-packages/django/contrib/auth/__init__.py first seen with mtime 1733653708.280701
DEBUG 2024-12-19 10:17:47,965 autoreload File /home/fennyfeins/srv/webserver/stromszky/backend/venv/lib/python3.12/site-packages/django/contrib/staticfiles/checks.py first seen with mtime 1733653708.6537008
DEBUG 2024-12-19 10:17:47,965 autoreload File /home/fennyfeins/srv/webserver/stromszky/backend/venv/lib/python3.12/site-packages/django/core/checks/security/sessions.py first seen with mtime 1733653708.661701
DEBUG 2024-12-19 10:17:47,965 autoreload File /home/fennyfeins/srv/webserver/stromszky/backend/venv/lib/python3.12/site-packages/rest_framework/schemas/openapi.py first seen with mtime 1733653785.6536465
DEBUG 2024-12-19 10:17:47,965 autoreload File /home/fennyfeins/srv/webserver/stromszky/backend/venv/lib/python3.12/site-packages/rest_framework/utils/humanize_datetime.py first seen with mtime 1733653785.6796465
DEBUG 2024-12-19 10:17:47,965 autoreload File /home/fennyfeins/srv/webserver/stromszky/backend/venv/lib/python3.12/site-packages/django/contrib/sessions/backends/__init__.py first seen with mtime 1733653708.5777009
DEBUG 2024-12-19 10:17:47,965 autoreload File /home/fennyfeins/srv/webserver/stromszky/backend/venv/lib/python3.12/site-packages/corsheaders/__init__.py first seen with mtime 1733653769.487667
DEBUG 2024-12-19 10:17:47,965 autoreload File /home/fennyfeins/srv/webserver/stromszky/backend/venv/lib/python3.12/site-packages/django/core/checks/model_checks.py first seen with mtime 1733653708.6597009
DEBUG 2024-12-19 10:17:47,965 autoreload File /home/fennyfeins/srv/webserver/stromszky/backend/venv/lib/python3.12/site-packages/django/db/backends/utils.py first seen with mtime 1733653708.674701
DEBUG 2024-12-19 10:17:47,966 autoreload File /usr/lib/python3.12/struct.py first seen with mtime 1730917939.0
DEBUG 2024-12-19 10:17:47,966 autoreload File /home/fennyfeins/srv/webserver/stromszky/backend/venv/lib/python3.12/site-packages/django/forms/fields.py first seen with mtime 1733653708.698701
DEBUG 2024-12-19 10:17:47,966 autoreload File /home/fennyfeins/srv/webserver/stromszky/backend/venv/lib/python3.12/site-packages/django/template/response.py first seen with mtime 1733653708.718701
DEBUG 2024-12-19 10:17:47,966 autoreload File /home/fennyfeins/srv/webserver/stromszky/backend/venv/lib/python3.12/site-packages/rest_framework/utils/mediatypes.py first seen with mtime 1733653785.6806464
DEBUG 2024-12-19 10:17:47,966 autoreload File /usr/lib/python3.12/asyncio/tasks.py first seen with mtime 1730917939.0
DEBUG 2024-12-19 10:17:47,966 autoreload File /home/fennyfeins/srv/webserver/stromszky/backend/venv/lib/python3.12/site-packages/django/core/checks/messages.py first seen with mtime 1733653708.6597009
DEBUG 2024-12-19 10:17:47,966 autoreload File /home/fennyfeins/srv/webserver/stromszky/backend/venv/lib/python3.12/site-packages/django/__init__.py first seen with mtime 1733653708.0357008
DEBUG 2024-12-19 10:17:47,966 autoreload File /usr/lib/python3.12/lib-dynload/_bz2.cpython-312-x86_64-linux-gnu.so first seen with mtime 1730917939.0
DEBUG 2024-12-19 10:17:47,966 autoreload File /home/fennyfeins/srv/webserver/stromszky/backend/venv/lib/python3.12/site-packages/django/utils/connection.py first seen with mtime 1733653708.7257009
DEBUG 2024-12-19 10:17:47,966 autoreload File /usr/lib/python3.12/asyncio/staggered.py first seen with mtime 1730917939.0
DEBUG 2024-12-19 10:17:47,966 autoreload File /home/fennyfeins/srv/webserver/stromszky/backend/venv/lib/python3.12/site-packages/django/views/generic/dates.py first seen with mtime 1733653708.734701
DEBUG 2024-12-19 10:17:47,966 autoreload File /home/fennyfeins/srv/webserver/stromszky/backend/venv/lib/python3.12/site-packages/sqlparse/__init__.py first seen with mtime 1733653707.9297009
DEBUG 2024-12-19 10:17:47,966 autoreload File /usr/lib/python3.12/asyncio/locks.py first seen with mtime 1730917939.0
DEBUG 2024-12-19 10:17:47,966 autoreload File /home/fennyfeins/srv/webserver/stromszky/backend/venv/lib/python3.12/site-packages/sqlparse/filters/reindent.py first seen with mtime 1733653707.9327009
DEBUG 2024-12-19 10:17:47,966 autoreload File /home/fennyfeins/srv/webserver/stromszky/backend/api/views.py first seen with mtime 1733469847.8445373
DEBUG 2024-12-19 10:17:47,966 autoreload File /home/fennyfeins/srv/webserver/stromszky/backend/venv/lib/python3.12/site-packages/django/utils/module_loading.py first seen with mtime 1733653708.729701
DEBUG 2024-12-19 10:17:47,966 autoreload File /home/fennyfeins/srv/webserver/stromszky/backend/venv/lib/python3.12/site-packages/asgiref/sync.py first seen with mtime 1733653707.9887009
DEBUG 2024-12-19 10:17:47,966 autoreload File /usr/lib/python3.12/asyncio/coroutines.py first seen with mtime 1730917939.0
DEBUG 2024-12-19 10:17:47,966 autoreload File /home/fennyfeins/srv/webserver/stromszky/backend/venv/lib/python3.12/site-packages/django/contrib/admindocs/utils.py first seen with mtime 1733653708.239701
DEBUG 2024-12-19 10:17:47,966 autoreload File /home/fennyfeins/srv/webserver/stromszky/backend/venv/lib/python3.12/site-packages/MySQLdb/constants/FIELD_TYPE.py first seen with mtime 1733653707.9697008
DEBUG 2024-12-19 10:17:47,966 autoreload File /home/fennyfeins/srv/webserver/stromszky/backend/venv/lib/python3.12/site-packages/django/views/decorators/common.py first seen with mtime 1733653708.733701
DEBUG 2024-12-19 10:17:47,966 autoreload File /home/fennyfeins/srv/webserver/stromszky/backend/venv/lib/python3.12/site-packages/rest_framework/request.py first seen with mtime 1733653785.6266465
DEBUG 2024-12-19 10:17:47,966 autoreload File /home/fennyfeins/srv/webserver/stromszky/backend/venv/lib/python3.12/site-packages/django/db/models/options.py first seen with mtime 1733653708.690701
DEBUG 2024-12-19 10:17:47,966 autoreload File /usr/lib/python3.12/asyncio/unix_events.py first seen with mtime 1730917939.0
DEBUG 2024-12-19 10:17:47,966 autoreload File /usr/lib/python3.12/concurrent/futures/thread.py first seen with mtime 1730917939.0
DEBUG 2024-12-19 10:17:47,966 autoreload File /home/fennyfeins/srv/webserver/stromszky/backend/venv/lib/python3.12/site-packages/rest_framework/renderers.py first seen with mtime 1733653785.6266465
DEBUG 2024-12-19 10:17:47,966 autoreload File /home/fennyfeins/srv/webserver/stromszky/backend/venv/lib/python3.12/site-packages/django/contrib/messages/__init__.py first seen with mtime 1733653708.5017009
DEBUG 2024-12-19 10:17:47,966 autoreload File /home/fennyfeins/srv/webserver/stromszky/backend/venv/lib/python3.12/site-packages/asgiref/local.py first seen with mtime 1733653707.987701
DEBUG 2024-12-19 10:17:47,966 autoreload File /home/fennyfeins/srv/webserver/stromszky/backend/backend/__init__.py first seen with mtime 1733469847.8445373
DEBUG 2024-12-19 10:17:47,966 autoreload File /home/fennyfeins/srv/webserver/stromszky/backend/venv/lib/python3.12/site-packages/corsheaders/checks.py first seen with mtime 1733653769.488667
DEBUG 2024-12-19 10:17:47,966 autoreload File /usr/lib/python3.12/urllib/parse.py first seen with mtime 1730917939.0
DEBUG 2024-12-19 10:17:47,966 autoreload File /usr/lib/python3.12/lzma.py first seen with mtime 1730917939.0
DEBUG 2024-12-19 10:17:47,967 autoreload File /home/fennyfeins/srv/webserver/stromszky/backend/venv/lib/python3.12/site-packages/django/urls/resolvers.py first seen with mtime 1733653708.724701
DEBUG 2024-12-19 10:17:47,967 autoreload File /home/fennyfeins/srv/webserver/stromszky/backend/venv/lib/python3.12/site-packages/rest_framework/exceptions.py first seen with mtime 1733653785.6226466
DEBUG 2024-12-19 10:17:47,967 autoreload File /home/fennyfeins/srv/webserver/stromszky/backend/venv/lib/python3.12/site-packages/django/utils/translation/reloader.py first seen with mtime 1733653708.731701
DEBUG 2024-12-19 10:17:47,967 autoreload File /home/fennyfeins/srv/webserver/stromszky/backend/venv/lib/python3.12/site-packages/django/utils/translation/__init__.py first seen with mtime 1733653708.731701
DEBUG 2024-12-19 10:17:47,967 autoreload File /home/fennyfeins/srv/webserver/stromszky/backend/venv/lib/python3.12/site-packages/django/contrib/staticfiles/management/__init__.py first seen with mtime 1733653708.654701
DEBUG 2024-12-19 10:17:47,967 autoreload File /home/fennyfeins/srv/webserver/stromszky/backend/venv/lib/python3.12/site-packages/django/contrib/admin/actions.py first seen with mtime 1733653708.1207008
DEBUG 2024-12-19 10:17:47,967 autoreload File /home/fennyfeins/srv/webserver/stromszky/backend/venv/lib/python3.12/site-packages/django/db/backends/signals.py first seen with mtime 1733653708.673701
DEBUG 2024-12-19 10:17:47,967 autoreload File /usr/lib/python3.12/linecache.py first seen with mtime 1730917939.0
DEBUG 2024-12-19 10:17:47,967 autoreload File /home/fennyfeins/srv/webserver/stromszky/backend/venv/lib/python3.12/site-packages/django/middleware/__init__.py first seen with mtime 1733653708.714701
DEBUG 2024-12-19 10:17:47,967 autoreload File /home/fennyfeins/srv/webserver/stromszky/backend/venv/lib/python3.12/site-packages/django/urls/conf.py first seen with mtime 1733653708.723701
DEBUG 2024-12-19 10:17:47,967 autoreload File /usr/lib/python3.12/json/decoder.py first seen with mtime 1730917939.0
DEBUG 2024-12-19 10:17:47,967 autoreload File /home/fennyfeins/srv/webserver/stromszky/backend/venv/lib/python3.12/site-packages/django/db/migrations/__init__.py first seen with mtime 1733653708.683701
DEBUG 2024-12-19 10:17:47,967 autoreload File /usr/lib/python3.12/asyncio/exceptions.py first seen with mtime 1730917939.0
DEBUG 2024-12-19 10:17:47,967 autoreload File /usr/lib/python3.12/base64.py first seen with mtime 1730917939.0
DEBUG 2024-12-19 10:17:47,967 autoreload File /home/fennyfeins/srv/webserver/stromszky/backend/venv/lib/python3.12/site-packages/django/core/serializers/json.py first seen with mtime 1733653708.671701
DEBUG 2024-12-19 10:17:47,967 autoreload File /usr/lib/python3.12/lib-dynload/termios.cpython-312-x86_64-linux-gnu.so first seen with mtime 1730917939.0
DEBUG 2024-12-19 10:17:47,967 autoreload File /home/fennyfeins/srv/webserver/stromszky/backend/venv/lib/python3.12/site-packages/django/contrib/auth/tokens.py first seen with mtime 1733653708.283701
DEBUG 2024-12-19 10:17:47,967 autoreload File /home/fennyfeins/srv/webserver/stromszky/backend/venv/lib/python3.12/site-packages/django/db/backends/base/__init__.py first seen with mtime 1733653708.674701
DEBUG 2024-12-19 10:17:47,967 autoreload File /home/fennyfeins/srv/webserver/stromszky/backend/venv/lib/python3.12/site-packages/django/core/checks/__init__.py first seen with mtime 1733653708.658701
DEBUG 2024-12-19 10:17:47,967 autoreload File /home/fennyfeins/srv/webserver/stromszky/backend/venv/lib/python3.12/site-packages/django/db/models/aggregates.py first seen with mtime 1733653708.687701
DEBUG 2024-12-19 10:17:47,967 autoreload File /home/fennyfeins/srv/webserver/stromszky/backend/venv/lib/python3.12/site-packages/django/db/models/query.py first seen with mtime 1733653708.691701
DEBUG 2024-12-19 10:17:47,967 autoreload File /home/fennyfeins/srv/webserver/stromszky/backend/venv/lib/python3.12/site-packages/django/db/__init__.py first seen with mtime 1733653708.673701
DEBUG 2024-12-19 10:17:47,967 autoreload File /home/fennyfeins/srv/webserver/stromszky/backend/venv/lib/python3.12/site-packages/django/contrib/admin/templatetags/log.py first seen with mtime 1733653708.2387009
DEBUG 2024-12-19 10:17:47,967 autoreload File /home/fennyfeins/srv/webserver/stromszky/backend/venv/lib/python3.12/site-packages/sqlparse/engine/statement_splitter.py first seen with mtime 1733653707.9327009
DEBUG 2024-12-19 10:17:47,967 autoreload File /usr/lib/python3.12/graphlib.py first seen with mtime 1730917939.0
DEBUG 2024-12-19 10:17:47,967 autoreload File /usr/lib/python3.12/logging/handlers.py first seen with mtime 1730917939.0
DEBUG 2024-12-19 10:17:47,967 autoreload File /home/fennyfeins/srv/webserver/stromszky/backend/venv/lib/python3.12/site-packages/django/core/files/storage/__init__.py first seen with mtime 1733653708.662701
DEBUG 2024-12-19 10:17:47,967 autoreload File /usr/lib/python3.12/asyncio/taskgroups.py first seen with mtime 1730917939.0
DEBUG 2024-12-19 10:17:47,967 autoreload File /usr/lib/python3.12/asyncio/constants.py first seen with mtime 1730917939.0
DEBUG 2024-12-19 10:17:47,967 autoreload File /home/fennyfeins/srv/webserver/stromszky/backend/venv/lib/python3.12/site-packages/django/core/files/move.py first seen with mtime 1733653708.661701
DEBUG 2024-12-19 10:17:47,967 autoreload File /usr/lib/python3.12/gzip.py first seen with mtime 1730917939.0
DEBUG 2024-12-19 10:17:47,967 autoreload File /home/fennyfeins/srv/webserver/stromszky/backend/venv/lib/python3.12/site-packages/sqlparse/filters/right_margin.py first seen with mtime 1733653707.9337008
DEBUG 2024-12-19 10:17:47,967 autoreload File /home/fennyfeins/srv/webserver/stromszky/backend/venv/lib/python3.12/site-packages/django/template/__init__.py first seen with mtime 1733653708.7157009
DEBUG 2024-12-19 10:17:47,967 autoreload File /home/fennyfeins/srv/webserver/stromszky/backend/venv/lib/python3.12/site-packages/django/db/migrations/exceptions.py first seen with mtime 1733653708.684701
DEBUG 2024-12-19 10:17:47,967 autoreload File /home/fennyfeins/srv/webserver/stromszky/backend/venv/lib/python3.12/site-packages/django/contrib/auth/password_validation.py first seen with mtime 1733653708.282701
DEBUG 2024-12-19 10:17:47,967 autoreload File /home/fennyfeins/srv/webserver/stromszky/backend/venv/lib/python3.12/site-packages/django/contrib/admindocs/views.py first seen with mtime 1733653708.239701
DEBUG 2024-12-19 10:17:47,967 autoreload File /usr/lib/python3.12/asyncio/trsock.py first seen with mtime 1730917939.0
DEBUG 2024-12-19 10:17:47,968 autoreload File /usr/lib/python3.12/email/errors.py first seen with mtime 1730917939.0
DEBUG 2024-12-19 10:17:47,968 autoreload File /etc/python3.12/sitecustomize.py first seen with mtime 1712727227.0
DEBUG 2024-12-19 10:17:47,968 autoreload File /home/fennyfeins/srv/webserver/stromszky/backend/venv/lib/python3.12/site-packages/django/utils/__init__.py first seen with mtime 1733653708.724701
DEBUG 2024-12-19 10:17:47,968 autoreload File /home/fennyfeins/srv/webserver/stromszky/backend/venv/lib/python3.12/site-packages/django/urls/base.py first seen with mtime 1733653708.723701
DEBUG 2024-12-19 10:17:47,968 autoreload File /home/fennyfeins/srv/webserver/stromszky/backend/venv/lib/python3.12/site-packages/django/contrib/auth/forms.py first seen with mtime 1733653708.2817008
DEBUG 2024-12-19 10:17:47,968 autoreload File /home/fennyfeins/srv/webserver/stromszky/backend/venv/lib/python3.12/site-packages/rest_framework/permissions.py first seen with mtime 1733653785.6256466
DEBUG 2024-12-19 10:17:47,968 autoreload File /home/fennyfeins/srv/webserver/stromszky/backend/venv/lib/python3.12/site-packages/django/templatetags/l10n.py first seen with mtime 1733653708.720701
DEBUG 2024-12-19 10:17:47,968 autoreload File /home/fennyfeins/srv/webserver/stromszky/backend/venv/lib/python3.12/site-packages/django/utils/termcolors.py first seen with mtime 1733653708.730701
DEBUG 2024-12-19 10:17:47,968 autoreload File /home/fennyfeins/srv/webserver/stromszky/backend/venv/lib/python3.12/site-packages/rest_framework/utils/model_meta.py first seen with mtime 1733653785.6806464
DEBUG 2024-12-19 10:17:47,968 autoreload File /home/fennyfeins/srv/webserver/stromszky/backend/venv/lib/python3.12/site-packages/django/db/models/sql/datastructures.py first seen with mtime 1733653708.696701
DEBUG 2024-12-19 10:17:47,968 autoreload File /usr/lib/python3.12/zoneinfo/_tzpath.py first seen with mtime 1730917939.0
DEBUG 2024-12-19 10:17:47,968 autoreload File /home/fennyfeins/srv/webserver/stromszky/backend/venv/lib/python3.12/site-packages/MySQLdb/constants/CLIENT.py first seen with mtime 1733653707.9697008
DEBUG 2024-12-19 10:17:47,968 autoreload File /home/fennyfeins/srv/webserver/stromszky/backend/venv/lib/python3.12/site-packages/django/views/generic/base.py first seen with mtime 1733653708.734701
DEBUG 2024-12-19 10:17:47,968 autoreload File /home/fennyfeins/srv/webserver/stromszky/backend/venv/lib/python3.12/site-packages/django/utils/timesince.py first seen with mtime 1733653708.730701
DEBUG 2024-12-19 10:17:47,968 autoreload File /usr/lib/python3.12/numbers.py first seen with mtime 1730917939.0
DEBUG 2024-12-19 10:17:47,968 autoreload File /home/fennyfeins/srv/webserver/stromszky/backend/venv/lib/python3.12/site-packages/rest_framework/utils/encoders.py first seen with mtime 1733653785.6796465
DEBUG 2024-12-19 10:17:47,968 autoreload File /home/fennyfeins/srv/webserver/stromszky/backend/venv/lib/python3.12/site-packages/django/forms/formsets.py first seen with mtime 1733653708.6997008
DEBUG 2024-12-19 10:17:47,968 autoreload File /home/fennyfeins/srv/webserver/stromszky/backend/venv/lib/python3.12/site-packages/django/core/management/commands/runserver.py first seen with mtime 1733653708.6697009
DEBUG 2024-12-19 10:17:47,968 autoreload File /usr/lib/python3.12/asyncio/format_helpers.py first seen with mtime 1730917939.0
DEBUG 2024-12-19 10:17:47,968 autoreload File /usr/lib/python3.12/typing.py first seen with mtime 1730917939.0
DEBUG 2024-12-19 10:17:47,968 autoreload File /usr/lib/python3.12/lib-dynload/_asyncio.cpython-312-x86_64-linux-gnu.so first seen with mtime 1730917939.0
DEBUG 2024-12-19 10:17:47,968 autoreload File /usr/lib/python3.12/dis.py first seen with mtime 1730917939.0
DEBUG 2024-12-19 10:17:47,968 autoreload File /home/fennyfeins/srv/webserver/stromszky/backend/venv/lib/python3.12/site-packages/django/contrib/admin/widgets.py first seen with mtime 1733653708.1237009
DEBUG 2024-12-19 10:17:47,968 autoreload File /home/fennyfeins/srv/webserver/stromszky/backend/venv/lib/python3.12/site-packages/django/utils/dateformat.py first seen with mtime 1733653708.726701
DEBUG 2024-12-19 10:17:47,968 autoreload File /home/fennyfeins/srv/webserver/stromszky/backend/venv/lib/python3.12/site-packages/django/middleware/cache.py first seen with mtime 1733653708.714701
DEBUG 2024-12-19 10:17:47,968 autoreload File /home/fennyfeins/srv/webserver/stromszky/backend/venv/lib/python3.12/site-packages/django/utils/http.py first seen with mtime 1733653708.7287009
DEBUG 2024-12-19 10:17:47,968 autoreload File /home/fennyfeins/srv/webserver/stromszky/backend/venv/lib/python3.12/site-packages/django/templatetags/static.py first seen with mtime 1733653708.720701
DEBUG 2024-12-19 10:17:47,968 autoreload File /home/fennyfeins/srv/webserver/stromszky/backend/venv/lib/python3.12/site-packages/rest_framework/schemas/utils.py first seen with mtime 1733653785.6546464
DEBUG 2024-12-19 10:17:47,968 autoreload File /home/fennyfeins/srv/webserver/stromszky/backend/venv/lib/python3.12/site-packages/django/db/backends/ddl_references.py first seen with mtime 1733653708.673701
DEBUG 2024-12-19 10:17:47,968 autoreload File /home/fennyfeins/srv/webserver/stromszky/backend/venv/lib/python3.12/site-packages/django/contrib/admindocs/__init__.py first seen with mtime 1733653708.239701
DEBUG 2024-12-19 10:17:47,968 autoreload File /home/fennyfeins/srv/webserver/stromszky/backend/venv/lib/python3.12/site-packages/django/contrib/sites/shortcuts.py first seen with mtime 1733653708.617701
DEBUG 2024-12-19 10:17:47,968 autoreload File /home/fennyfeins/srv/webserver/stromszky/backend/venv/lib/python3.12/site-packages/django/contrib/admin/views/__init__.py first seen with mtime 1733653708.2387009
DEBUG 2024-12-19 10:17:47,968 autoreload File /home/fennyfeins/srv/webserver/stromszky/backend/venv/lib/python3.12/site-packages/django/template/smartif.py first seen with mtime 1733653708.718701
DEBUG 2024-12-19 10:17:47,968 autoreload File /home/fennyfeins/srv/webserver/stromszky/backend/venv/lib/python3.12/site-packages/django/core/serializers/python.py first seen with mtime 1733653708.672701
DEBUG 2024-12-19 10:17:47,968 autoreload File /usr/lib/python3.12/json/encoder.py first seen with mtime 1730917939.0
DEBUG 2024-12-19 10:17:47,968 autoreload File /home/fennyfeins/srv/webserver/stromszky/backend/venv/lib/python3.12/site-packages/corsheaders/apps.py first seen with mtime 1733653769.487667
DEBUG 2024-12-19 10:17:47,968 autoreload File /usr/lib/python3.12/reprlib.py first seen with mtime 1730917939.0
DEBUG 2024-12-19 10:17:47,969 autoreload File /usr/lib/python3.12/email/mime/message.py first seen with mtime 1730917939.0
DEBUG 2024-12-19 10:17:47,969 autoreload File /home/fennyfeins/srv/webserver/stromszky/backend/venv/lib/python3.12/site-packages/rest_framework/utils/field_mapping.py first seen with mtime 1733653785.6796465
DEBUG 2024-12-19 10:17:47,969 autoreload File /home/fennyfeins/srv/webserver/stromszky/backend/venv/lib/python3.12/site-packages/django/views/generic/__init__.py first seen with mtime 1733653708.734701
DEBUG 2024-12-19 10:17:47,969 autoreload File /usr/lib/python3.12/datetime.py first seen with mtime 1730917939.0
DEBUG 2024-12-19 10:17:47,969 autoreload File /usr/lib/python3.12/email/mime/text.py first seen with mtime 1730917939.0
DEBUG 2024-12-19 10:17:47,969 autoreload File /home/fennyfeins/srv/webserver/stromszky/backend/venv/lib/python3.12/site-packages/django/core/wsgi.py first seen with mtime 1733653708.6567008
DEBUG 2024-12-19 10:17:47,969 autoreload File /home/fennyfeins/srv/webserver/stromszky/backend/venv/lib/python3.12/site-packages/django/template/loaders/app_directories.py first seen with mtime 1733653708.719701
DEBUG 2024-12-19 10:17:47,969 autoreload File /usr/lib/python3.12/asyncio/base_events.py first seen with mtime 1730917939.0
DEBUG 2024-12-19 10:17:47,969 autoreload File /home/fennyfeins/srv/webserver/stromszky/backend/venv/lib/python3.12/site-packages/django/contrib/auth/management/__init__.py first seen with mtime 1733653708.329701
DEBUG 2024-12-19 10:17:47,969 autoreload File /home/fennyfeins/srv/webserver/stromszky/backend/venv/lib/python3.12/site-packages/django/core/files/storage/mixins.py first seen with mtime 1733653708.663701
DEBUG 2024-12-19 10:17:47,969 autoreload File /home/fennyfeins/srv/webserver/stromszky/backend/api/models.py first seen with mtime 1733469847.8435373
DEBUG 2024-12-19 10:17:47,969 autoreload File /home/fennyfeins/srv/webserver/stromszky/backend/backend/urls.py first seen with mtime 1734597846.1884403
DEBUG 2024-12-19 10:17:47,969 autoreload File /home/fennyfeins/srv/webserver/stromszky/backend/venv/lib/python3.12/site-packages/django/http/response.py first seen with mtime 1733653708.714701
DEBUG 2024-12-19 10:17:47,969 autoreload File /home/fennyfeins/srv/webserver/stromszky/backend/venv/lib/python3.12/site-packages/django/db/migrations/operations/base.py first seen with mtime 1733653708.686701
DEBUG 2024-12-19 10:17:47,969 autoreload File /home/fennyfeins/srv/webserver/stromszky/backend/venv/lib/python3.12/site-packages/django/contrib/auth/middleware.py first seen with mtime 1733653708.282701
DEBUG 2024-12-19 10:17:47,969 autoreload File /usr/lib/python3.12/contextlib.py first seen with mtime 1730917939.0
DEBUG 2024-12-19 10:17:47,969 autoreload File /home/fennyfeins/srv/webserver/stromszky/backend/venv/lib/python3.12/site-packages/rest_framework/templatetags/__init__.py first seen with mtime 1733653785.6786463
DEBUG 2024-12-19 10:17:47,969 autoreload File /home/fennyfeins/srv/webserver/stromszky/backend/venv/lib/python3.12/site-packages/django/db/models/indexes.py first seen with mtime 1733653708.6897008
DEBUG 2024-12-19 10:17:47,969 autoreload File /home/fennyfeins/srv/webserver/stromszky/backend/venv/lib/python3.12/site-packages/django/views/decorators/cache.py first seen with mtime 1733653708.733701
DEBUG 2024-12-19 10:17:47,969 autoreload File /usr/lib/python3.12/_compression.py first seen with mtime 1730917939.0
DEBUG 2024-12-19 10:17:47,969 autoreload File /home/fennyfeins/srv/webserver/stromszky/backend/venv/lib/python3.12/site-packages/rest_framework/parsers.py first seen with mtime 1733653785.6256466
DEBUG 2024-12-19 10:17:47,969 autoreload File /usr/lib/python3.12/mimetypes.py first seen with mtime 1730917939.0
DEBUG 2024-12-19 10:17:47,969 autoreload File /home/fennyfeins/srv/webserver/stromszky/backend/venv/lib/python3.12/site-packages/django/contrib/sessions/apps.py first seen with mtime 1733653708.576701
DEBUG 2024-12-19 10:17:47,969 autoreload File /home/fennyfeins/srv/webserver/stromszky/backend/venv/lib/python3.12/site-packages/django/contrib/messages/storage/base.py first seen with mtime 1733653708.503701
DEBUG 2024-12-19 10:17:47,969 autoreload File /home/fennyfeins/srv/webserver/stromszky/backend/venv/lib/python3.12/site-packages/django/urls/__init__.py first seen with mtime 1733653708.723701
DEBUG 2024-12-19 10:17:47,969 autoreload File /home/fennyfeins/srv/webserver/stromszky/backend/venv/lib/python3.12/site-packages/django/db/backends/base/client.py first seen with mtime 1733653708.674701
DEBUG 2024-12-19 10:17:47,969 autoreload File /usr/lib/python3.12/pickle.py first seen with mtime 1730917939.0
DEBUG 2024-12-19 10:17:47,969 autoreload File /usr/lib/python3.12/bisect.py first seen with mtime 1730917939.0
DEBUG 2024-12-19 10:17:47,969 autoreload File /usr/lib/python3.12/lib-dynload/_zoneinfo.cpython-312-x86_64-linux-gnu.so first seen with mtime 1730917939.0
DEBUG 2024-12-19 10:17:47,969 autoreload File /home/fennyfeins/srv/webserver/stromszky/backend/venv/lib/python3.12/site-packages/django/contrib/postgres/forms/hstore.py first seen with mtime 1733653708.5087008
DEBUG 2024-12-19 10:17:47,969 autoreload File /home/fennyfeins/srv/webserver/stromszky/backend/venv/lib/python3.12/site-packages/django/core/files/locks.py first seen with mtime 1733653708.661701
DEBUG 2024-12-19 10:17:47,969 autoreload File /home/fennyfeins/srv/webserver/stromszky/backend/venv/lib/python3.12/site-packages/django/db/backends/mysql/__init__.py first seen with mtime 1733653708.6767008
DEBUG 2024-12-19 10:17:47,969 autoreload File /home/fennyfeins/srv/webserver/stromszky/backend/venv/lib/python3.12/site-packages/django/template/loader_tags.py first seen with mtime 1733653708.717701
DEBUG 2024-12-19 10:17:47,969 autoreload File /home/fennyfeins/srv/webserver/stromszky/backend/venv/lib/python3.12/site-packages/django/core/handlers/wsgi.py first seen with mtime 1733653708.664701
DEBUG 2024-12-19 10:17:47,969 autoreload File /home/fennyfeins/srv/webserver/stromszky/backend/venv/lib/python3.12/site-packages/django/template/loader.py first seen with mtime 1733653708.717701
DEBUG 2024-12-19 10:17:47,969 autoreload File /home/fennyfeins/srv/webserver/stromszky/backend/venv/lib/python3.12/site-packages/django/contrib/auth/hashers.py first seen with mtime 1733653708.282701
DEBUG 2024-12-19 10:17:47,969 autoreload File /home/fennyfeins/srv/webserver/stromszky/backend/venv/lib/python3.12/site-packages/django/core/handlers/__init__.py first seen with mtime 1733653708.663701
DEBUG 2024-12-19 10:17:47,969 autoreload File /home/fennyfeins/srv/webserver/stromszky/backend/venv/lib/python3.12/site-packages/django/db/models/lookups.py first seen with mtime 1733653708.690701
DEBUG 2024-12-19 10:17:47,969 autoreload File /home/fennyfeins/srv/webserver/stromszky/backend/venv/lib/python3.12/site-packages/django/contrib/admin/templatetags/admin_list.py first seen with mtime 1733653708.237701
DEBUG 2024-12-19 10:17:47,970 autoreload File /home/fennyfeins/srv/webserver/stromszky/backend/venv/lib/python3.12/site-packages/django/contrib/admin/decorators.py first seen with mtime 1733653708.121701
DEBUG 2024-12-19 10:17:47,970 autoreload File /home/fennyfeins/srv/webserver/stromszky/backend/venv/lib/python3.12/site-packages/django/template/engine.py first seen with mtime 1733653708.717701
DEBUG 2024-12-19 10:17:47,970 autoreload File /home/fennyfeins/srv/webserver/stromszky/backend/venv/lib/python3.12/site-packages/django/urls/utils.py first seen with mtime 1733653708.724701
DEBUG 2024-12-19 10:17:47,970 autoreload File /usr/lib/python3.12/string.py first seen with mtime 1730917939.0
DEBUG 2024-12-19 10:17:47,970 autoreload File /home/fennyfeins/srv/webserver/stromszky/backend/venv/lib/python3.12/site-packages/django/contrib/auth/admin.py first seen with mtime 1733653708.280701
DEBUG 2024-12-19 10:17:47,970 autoreload File /home/fennyfeins/srv/webserver/stromszky/backend/venv/lib/python3.12/site-packages/django/template/backends/django.py first seen with mtime 1733653708.718701
DEBUG 2024-12-19 10:17:47,970 autoreload File /usr/lib/python3.12/wsgiref/simple_server.py first seen with mtime 1730917939.0
DEBUG 2024-12-19 10:17:47,970 autoreload File /home/fennyfeins/srv/webserver/stromszky/backend/venv/lib/python3.12/site-packages/django/conf/__init__.py first seen with mtime 1733653708.036701
DEBUG 2024-12-19 10:17:47,970 autoreload File /home/fennyfeins/srv/webserver/stromszky/backend/venv/lib/python3.12/site-packages/sqlparse/filters/__init__.py first seen with mtime 1733653707.9327009
DEBUG 2024-12-19 10:17:47,970 autoreload File /home/fennyfeins/srv/webserver/stromszky/backend/venv/lib/python3.12/site-packages/django/core/cache/backends/__init__.py first seen with mtime 1733653708.657701
DEBUG 2024-12-19 10:17:47,970 autoreload File /home/fennyfeins/srv/webserver/stromszky/backend/venv/lib/python3.12/site-packages/rest_framework/utils/json.py first seen with mtime 1733653785.6806464
DEBUG 2024-12-19 10:17:47,970 autoreload File /home/fennyfeins/srv/webserver/stromszky/backend/venv/lib/python3.12/site-packages/django/http/cookie.py first seen with mtime 1733653708.713701
DEBUG 2024-12-19 10:17:47,970 autoreload File /usr/lib/python3.12/socketserver.py first seen with mtime 1730917939.0
DEBUG 2024-12-19 10:17:47,970 autoreload File /home/fennyfeins/srv/webserver/stromszky/backend/venv/lib/python3.12/site-packages/django/contrib/admin/templatetags/__init__.py first seen with mtime 1733653708.237701
DEBUG 2024-12-19 10:17:47,970 autoreload File /home/fennyfeins/srv/webserver/stromszky/backend/venv/lib/python3.12/site-packages/django/contrib/postgres/utils.py first seen with mtime 1733653708.5057008
DEBUG 2024-12-19 10:17:47,970 autoreload File /home/fennyfeins/srv/webserver/stromszky/backend/venv/lib/python3.12/site-packages/django/core/management/base.py first seen with mtime 1733653708.6667008
DEBUG 2024-12-19 10:17:47,970 autoreload File /home/fennyfeins/srv/webserver/stromszky/backend/venv/lib/python3.12/site-packages/django/db/backends/mysql/validation.py first seen with mtime 1733653708.678701
DEBUG 2024-12-19 10:17:47,970 autoreload File /home/fennyfeins/srv/webserver/stromszky/backend/venv/lib/python3.12/site-packages/django/core/checks/caches.py first seen with mtime 1733653708.658701
DEBUG 2024-12-19 10:17:47,970 autoreload File /home/fennyfeins/srv/webserver/stromszky/backend/venv/lib/python3.12/site-packages/django/contrib/admin/options.py first seen with mtime 1733653708.122701
DEBUG 2024-12-19 10:17:47,970 autoreload File /usr/lib/python3.12/ipaddress.py first seen with mtime 1730917939.0
DEBUG 2024-12-19 10:17:47,970 autoreload File /usr/lib/python3.12/_markupbase.py first seen with mtime 1730917939.0
DEBUG 2024-12-19 10:17:47,970 autoreload File /home/fennyfeins/srv/webserver/stromszky/backend/venv/lib/python3.12/site-packages/rest_framework/utils/representation.py first seen with mtime 1733653785.6806464
DEBUG 2024-12-19 10:17:47,970 autoreload File /home/fennyfeins/srv/webserver/stromszky/backend/venv/lib/python3.12/site-packages/rest_framework/reverse.py first seen with mtime 1733653785.6266465
DEBUG 2024-12-19 10:17:47,970 autoreload File /usr/lib/python3.12/pprint.py first seen with mtime 1730917939.0
DEBUG 2024-12-19 10:17:47,970 autoreload File /usr/lib/python3.12/email/charset.py first seen with mtime 1730917939.0
DEBUG 2024-12-19 10:17:47,970 autoreload File /usr/lib/python3.12/pkgutil.py first seen with mtime 1730917939.0
DEBUG 2024-12-19 10:17:47,970 autoreload File /usr/lib/python3.12/traceback.py first seen with mtime 1730917939.0
DEBUG 2024-12-19 10:17:47,970 autoreload File /home/fennyfeins/srv/webserver/stromszky/backend/venv/lib/python3.12/site-packages/django/db/backends/base/operations.py first seen with mtime 1733653708.675701
DEBUG 2024-12-19 10:17:47,970 autoreload File /home/fennyfeins/srv/webserver/stromszky/backend/venv/lib/python3.12/site-packages/rest_framework/views.py first seen with mtime 1733653785.6296465
DEBUG 2024-12-19 10:17:47,970 autoreload File /home/fennyfeins/srv/webserver/stromszky/backend/venv/lib/python3.12/site-packages/django/core/servers/basehttp.py first seen with mtime 1733653708.672701
DEBUG 2024-12-19 10:17:47,970 autoreload File /usr/lib/python3.12/tokenize.py first seen with mtime 1730917939.0
DEBUG 2024-12-19 10:17:47,970 autoreload File /home/fennyfeins/srv/webserver/stromszky/backend/venv/lib/python3.12/site-packages/django/db/models/fields/related_descriptors.py first seen with mtime 1733653708.694701
DEBUG 2024-12-19 10:17:47,971 autoreload File /home/fennyfeins/srv/webserver/stromszky/backend/venv/lib/python3.12/site-packages/django/core/mail/utils.py first seen with mtime 1733653708.664701
DEBUG 2024-12-19 10:17:47,971 autoreload File /home/fennyfeins/srv/webserver/stromszky/backend/venv/lib/python3.12/site-packages/sqlparse/tokens.py first seen with mtime 1733653707.931701
DEBUG 2024-12-19 10:17:47,971 autoreload File /home/fennyfeins/srv/webserver/stromszky/backend/venv/lib/python3.12/site-packages/django/db/models/sql/where.py first seen with mtime 1733653708.697701
DEBUG 2024-12-19 10:17:47,971 autoreload File /home/fennyfeins/srv/webserver/stromszky/backend/venv/lib/python3.12/site-packages/django/contrib/sites/__init__.py first seen with mtime 1733653708.615701
DEBUG 2024-12-19 10:17:47,971 autoreload File /home/fennyfeins/srv/webserver/stromszky/backend/venv/lib/python3.12/site-packages/django/template/library.py first seen with mtime 1733653708.717701
DEBUG 2024-12-19 10:17:47,971 autoreload File /home/fennyfeins/srv/webserver/stromszky/backend/venv/lib/python3.12/site-packages/django/core/files/temp.py first seen with mtime 1733653708.661701
DEBUG 2024-12-19 10:17:47,971 autoreload File /home/fennyfeins/srv/webserver/stromszky/backend/venv/lib/python3.12/site-packages/rest_framework/utils/timezone.py first seen with mtime 1733653785.6806464
DEBUG 2024-12-19 10:17:47,971 autoreload File /usr/lib/python3.12/asyncio/threads.py first seen with mtime 1730917939.0
DEBUG 2024-12-19 10:17:47,971 autoreload File /home/fennyfeins/srv/webserver/stromszky/backend/venv/lib/python3.12/site-packages/django/db/models/signals.py first seen with mtime 1733653708.691701
DEBUG 2024-12-19 10:17:47,971 autoreload File /home/fennyfeins/srv/webserver/stromszky/backend/venv/lib/python3.12/site-packages/django/template/loaders/filesystem.py first seen with mtime 1733653708.719701
DEBUG 2024-12-19 10:17:47,971 autoreload File /home/fennyfeins/srv/webserver/stromszky/backend/venv/lib/python3.12/site-packages/django/db/models/functions/mixins.py first seen with mtime 1733653708.695701
DEBUG 2024-12-19 10:17:47,971 autoreload File /home/fennyfeins/srv/webserver/stromszky/backend/venv/lib/python3.12/site-packages/django/db/models/utils.py first seen with mtime 1733653708.691701
DEBUG 2024-12-19 10:17:47,971 autoreload File /usr/lib/python3.12/functools.py first seen with mtime 1730917939.0
DEBUG 2024-12-19 10:17:47,971 autoreload File /usr/lib/python3.12/wsgiref/util.py first seen with mtime 1730917939.0
DEBUG 2024-12-19 10:17:47,971 autoreload File /home/fennyfeins/srv/webserver/stromszky/backend/venv/lib/python3.12/site-packages/django/utils/deprecation.py first seen with mtime 1733653708.727701
DEBUG 2024-12-19 10:17:47,971 autoreload File /usr/lib/python3.12/re/_compiler.py first seen with mtime 1730917939.0
DEBUG 2024-12-19 10:17:47,971 autoreload File /home/fennyfeins/srv/webserver/stromszky/backend/venv/lib/python3.12/site-packages/django/contrib/__init__.py first seen with mtime 1733653708.1207008
DEBUG 2024-12-19 10:17:47,971 autoreload File /home/fennyfeins/srv/webserver/stromszky/backend/venv/lib/python3.12/site-packages/django/utils/dates.py first seen with mtime 1733653708.726701
DEBUG 2024-12-19 10:17:47,971 autoreload File /home/fennyfeins/srv/webserver/stromszky/backend/venv/lib/python3.12/site-packages/django/db/models/fields/mixins.py first seen with mtime 1733653708.693701
DEBUG 2024-12-19 10:17:47,971 autoreload File /usr/lib/python3.12/threading.py first seen with mtime 1730917939.0
DEBUG 2024-12-19 10:17:47,971 autoreload File /home/fennyfeins/srv/webserver/stromszky/backend/venv/lib/python3.12/site-packages/django/utils/html.py first seen with mtime 1733653708.7287009
DEBUG 2024-12-19 10:17:47,971 autoreload File /usr/lib/python3.12/email/mime/multipart.py first seen with mtime 1730917939.0
DEBUG 2024-12-19 10:17:47,971 autoreload File /usr/lib/python3.12/email/feedparser.py first seen with mtime 1730917939.0
DEBUG 2024-12-19 10:17:47,971 autoreload File /usr/lib/python3.12/queue.py first seen with mtime 1730917939.0
DEBUG 2024-12-19 10:17:47,971 autoreload File /usr/lib/python3.12/re/_parser.py first seen with mtime 1730917939.0
DEBUG 2024-12-19 10:17:47,971 autoreload File /home/fennyfeins/srv/webserver/stromszky/backend/venv/lib/python3.12/site-packages/django/urls/exceptions.py first seen with mtime 1733653708.723701
DEBUG 2024-12-19 10:17:47,971 autoreload File /usr/lib/python3.12/wsgiref/headers.py first seen with mtime 1730917939.0
DEBUG 2024-12-19 10:17:47,971 autoreload File /home/fennyfeins/srv/webserver/stromszky/backend/venv/lib/python3.12/site-packages/django/contrib/sessions/models.py first seen with mtime 1733653708.5777009
DEBUG 2024-12-19 10:17:47,971 autoreload File /home/fennyfeins/srv/webserver/stromszky/backend/venv/lib/python3.12/site-packages/django/db/backends/__init__.py first seen with mtime 1733653708.673701
DEBUG 2024-12-19 10:17:47,971 autoreload File /home/fennyfeins/srv/webserver/stromszky/backend/venv/lib/python3.12/site-packages/django/contrib/auth/decorators.py first seen with mtime 1733653708.2817008
DEBUG 2024-12-19 10:17:47,971 autoreload File /home/fennyfeins/srv/webserver/stromszky/backend/venv/lib/python3.12/site-packages/rest_framework/utils/__init__.py first seen with mtime 1733653785.6786463
DEBUG 2024-12-19 10:17:47,971 autoreload File /home/fennyfeins/srv/webserver/stromszky/backend/venv/lib/python3.12/site-packages/django/core/serializers/base.py first seen with mtime 1733653708.671701
DEBUG 2024-12-19 10:17:47,971 autoreload File /usr/lib/python3.12/email/policy.py first seen with mtime 1730917939.0
DEBUG 2024-12-19 10:17:47,971 autoreload File /home/fennyfeins/srv/webserver/stromszky/backend/venv/lib/python3.12/site-packages/django/core/cache/backends/base.py first seen with mtime 1733653708.657701
DEBUG 2024-12-19 10:17:47,971 autoreload File /home/fennyfeins/srv/webserver/stromszky/backend/venv/lib/python3.12/site-packages/django/utils/log.py first seen with mtime 1733653708.729701
DEBUG 2024-12-19 10:17:47,971 autoreload File /usr/lib/python3.12/importlib/_abc.py first seen with mtime 1730917939.0
DEBUG 2024-12-19 10:17:47,971 autoreload File /home/fennyfeins/srv/webserver/stromszky/backend/venv/lib/python3.12/site-packages/django/db/backends/mysql/introspection.py first seen with mtime 1733653708.677701
DEBUG 2024-12-19 10:17:47,971 autoreload File /home/fennyfeins/srv/webserver/stromszky/backend/venv/lib/python3.12/site-packages/django/contrib/sites/requests.py first seen with mtime 1733653708.616701
DEBUG 2024-12-19 10:17:47,971 autoreload File /home/fennyfeins/srv/webserver/stromszky/backend/venv/lib/python3.12/site-packages/django/views/static.py first seen with mtime 1733653708.733701
DEBUG 2024-12-19 10:17:47,972 autoreload File /home/fennyfeins/srv/webserver/stromszky/backend/venv/lib/python3.12/site-packages/rest_framework/templatetags/rest_framework.py first seen with mtime 1733653785.6786463
DEBUG 2024-12-19 10:17:47,972 autoreload File /home/fennyfeins/srv/webserver/stromszky/backend/venv/lib/python3.12/site-packages/django/utils/numberformat.py first seen with mtime 1733653708.729701
DEBUG 2024-12-19 10:17:47,972 autoreload File /home/fennyfeins/srv/webserver/stromszky/backend/venv/lib/python3.12/site-packages/sqlparse/filters/output.py first seen with mtime 1733653707.9327009
DEBUG 2024-12-19 10:17:47,972 autoreload File /home/fennyfeins/srv/webserver/stromszky/backend/venv/lib/python3.12/site-packages/django/db/backends/mysql/client.py first seen with mtime 1733653708.677701
DEBUG 2024-12-19 10:17:47,972 autoreload File /home/fennyfeins/srv/webserver/stromszky/backend/venv/lib/python3.12/site-packages/django/contrib/auth/signals.py first seen with mtime 1733653708.283701
DEBUG 2024-12-19 10:17:47,972 autoreload File /home/fennyfeins/srv/webserver/stromszky/backend/venv/lib/python3.12/site-packages/django/middleware/clickjacking.py first seen with mtime 1733653708.714701
DEBUG 2024-12-19 10:17:47,972 autoreload File /home/fennyfeins/srv/webserver/stromszky/backend/venv/lib/python3.12/site-packages/django/templatetags/tz.py first seen with mtime 1733653708.721701
DEBUG 2024-12-19 10:17:47,972 autoreload File /home/fennyfeins/srv/webserver/stromszky/backend/venv/lib/python3.12/site-packages/rest_framework/utils/breadcrumbs.py first seen with mtime 1733653785.6796465
DEBUG 2024-12-19 10:17:47,972 autoreload File /home/fennyfeins/srv/webserver/stromszky/backend/venv/lib/python3.12/site-packages/django/db/migrations/operations/special.py first seen with mtime 1733653708.687701
DEBUG 2024-12-19 10:17:47,972 autoreload File /home/fennyfeins/srv/webserver/stromszky/backend/venv/lib/python3.12/site-packages/django/contrib/admin/views/decorators.py first seen with mtime 1733653708.2387009
DEBUG 2024-12-19 10:17:47,972 autoreload File /home/fennyfeins/srv/webserver/stromszky/backend/venv/lib/python3.12/site-packages/corsheaders/middleware.py first seen with mtime 1733653769.488667
DEBUG 2024-12-19 10:17:47,972 autoreload File /home/fennyfeins/srv/webserver/stromszky/backend/venv/lib/python3.12/site-packages/django/utils/datastructures.py first seen with mtime 1733653708.7257009
DEBUG 2024-12-19 10:17:47,972 autoreload File /home/fennyfeins/srv/webserver/stromszky/backend/venv/lib/python3.12/site-packages/django/templatetags/cache.py first seen with mtime 1733653708.720701
DEBUG 2024-12-19 10:17:47,972 autoreload File /home/fennyfeins/srv/webserver/stromszky/backend/venv/lib/python3.12/site-packages/rest_framework/mixins.py first seen with mtime 1733653785.6246464
DEBUG 2024-12-19 10:17:47,972 autoreload File /home/fennyfeins/srv/webserver/stromszky/backend/venv/lib/python3.12/site-packages/django/forms/models.py first seen with mtime 1733653708.6997008
DEBUG 2024-12-19 10:17:47,972 autoreload File /usr/lib/python3.12/asyncio/mixins.py first seen with mtime 1730917939.0
DEBUG 2024-12-19 10:17:47,972 autoreload File /home/fennyfeins/srv/webserver/stromszky/backend/venv/lib/python3.12/site-packages/rest_framework/schemas/__init__.py first seen with mtime 1733653785.6536465
DEBUG 2024-12-19 10:17:47,972 autoreload File /home/fennyfeins/srv/webserver/stromszky/backend/venv/lib/python3.12/site-packages/rest_framework/utils/html.py first seen with mtime 1733653785.6796465
DEBUG 2024-12-19 10:17:47,972 autoreload File /usr/lib/python3.12/lib-dynload/_lzma.cpython-312-x86_64-linux-gnu.so first seen with mtime 1730917939.0
DEBUG 2024-12-19 10:17:47,972 autoreload File /home/fennyfeins/srv/webserver/stromszky/backend/venv/lib/python3.12/site-packages/MySQLdb/release.py first seen with mtime 1733653707.968701
DEBUG 2024-12-19 10:17:47,972 autoreload File /usr/lib/python3.12/bz2.py first seen with mtime 1730917939.0
DEBUG 2024-12-19 10:17:47,972 autoreload File /home/fennyfeins/srv/webserver/stromszky/backend/venv/lib/python3.12/site-packages/django/core/__init__.py first seen with mtime 1733653708.655701
DEBUG 2024-12-19 10:17:47,972 autoreload File /home/fennyfeins/srv/webserver/stromszky/backend/venv/lib/python3.12/site-packages/django/contrib/staticfiles/utils.py first seen with mtime 1733653708.654701
DEBUG 2024-12-19 10:17:47,972 autoreload File /usr/lib/python3.12/email/_policybase.py first seen with mtime 1730917939.0
DEBUG 2024-12-19 10:17:47,972 autoreload File /usr/lib/python3.12/asyncio/selector_events.py first seen with mtime 1730917939.0
DEBUG 2024-12-19 10:17:47,972 autoreload File /home/fennyfeins/srv/webserver/stromszky/backend/venv/lib/python3.12/site-packages/django/contrib/admin/views/main.py first seen with mtime 1733653708.2387009
DEBUG 2024-12-19 10:17:47,972 autoreload File /usr/lib/python3.12/asyncio/streams.py first seen with mtime 1730917939.0
DEBUG 2024-12-19 10:17:47,972 autoreload File /home/fennyfeins/srv/webserver/stromszky/backend/venv/lib/python3.12/site-packages/django/http/__init__.py first seen with mtime 1733653708.713701
DEBUG 2024-12-19 10:17:47,972 autoreload File /home/fennyfeins/srv/webserver/stromszky/backend/venv/lib/python3.12/site-packages/django/contrib/auth/checks.py first seen with mtime 1733653708.280701
DEBUG 2024-12-19 10:17:47,972 autoreload File /home/fennyfeins/srv/webserver/stromszky/backend/venv/lib/python3.12/site-packages/django/db/models/sql/query.py first seen with mtime 1733653708.697701
DEBUG 2024-12-19 10:17:47,972 autoreload File /home/fennyfeins/srv/webserver/stromszky/backend/venv/lib/python3.12/site-packages/django/views/decorators/csrf.py first seen with mtime 1733653708.733701
DEBUG 2024-12-19 10:17:47,972 autoreload File /usr/lib/python3.12/_sysconfigdata__x86_64-linux-gnu.py first seen with mtime 1730917939.0
DEBUG 2024-12-19 10:17:47,972 autoreload File /home/fennyfeins/srv/webserver/stromszky/backend/venv/lib/python3.12/site-packages/django/db/models/functions/datetime.py first seen with mtime 1733653708.694701
DEBUG 2024-12-19 10:17:47,972 autoreload File /home/fennyfeins/srv/webserver/stromszky/backend/venv/lib/python3.12/site-packages/rest_framework/relations.py first seen with mtime 1733653785.6256466
DEBUG 2024-12-19 10:17:47,972 autoreload File /usr/lib/python3.12/shutil.py first seen with mtime 1730917939.0
DEBUG 2024-12-19 10:17:47,972 autoreload File /usr/lib/python3.12/lib-dynload/_queue.cpython-312-x86_64-linux-gnu.so first seen with mtime 1730917939.0
DEBUG 2024-12-19 10:17:47,972 autoreload File /home/fennyfeins/srv/webserver/stromszky/backend/venv/lib/python3.12/site-packages/django/contrib/staticfiles/handlers.py first seen with mtime 1733653708.6537008
DEBUG 2024-12-19 10:17:47,973 autoreload File /home/fennyfeins/srv/webserver/stromszky/backend/venv/lib/python3.12/site-packages/django/core/serializers/__init__.py first seen with mtime 1733653708.671701
DEBUG 2024-12-19 10:17:47,973 autoreload File /home/fennyfeins/srv/webserver/stromszky/backend/venv/lib/python3.12/site-packages/django/utils/decorators.py first seen with mtime 1733653708.726701
DEBUG 2024-12-19 10:17:47,973 autoreload File /usr/lib/python3.12/heapq.py first seen with mtime 1730917939.0
DEBUG 2024-12-19 10:17:47,973 autoreload File /home/fennyfeins/srv/webserver/stromszky/backend/venv/lib/python3.12/site-packages/django/db/models/fields/generated.py first seen with mtime 1733653708.6927009
DEBUG 2024-12-19 10:17:47,973 autoreload File /home/fennyfeins/srv/webserver/stromszky/backend/venv/lib/python3.12/site-packages/django/http/request.py first seen with mtime 1733653708.713701
DEBUG 2024-12-19 10:17:47,973 autoreload File /usr/lib/python3.12/weakref.py first seen with mtime 1730917939.0
DEBUG 2024-12-19 10:17:47,973 autoreload File /home/fennyfeins/srv/webserver/stromszky/backend/venv/lib/python3.12/site-packages/django/db/transaction.py first seen with mtime 1733653708.673701
DEBUG 2024-12-19 10:17:47,973 autoreload File /home/fennyfeins/srv/webserver/stromszky/backend/venv/lib/python3.12/site-packages/django/core/checks/urls.py first seen with mtime 1733653708.660701
DEBUG 2024-12-19 10:17:47,973 autoreload File /usr/lib/python3.12/random.py first seen with mtime 1730917939.0
DEBUG 2024-12-19 10:17:47,973 autoreload File /usr/lib/python3.12/subprocess.py first seen with mtime 1730917939.0
DEBUG 2024-12-19 10:17:47,973 autoreload File /home/fennyfeins/srv/webserver/stromszky/backend/venv/lib/python3.12/site-packages/django/contrib/admin/templatetags/base.py first seen with mtime 1733653708.2387009
DEBUG 2024-12-19 10:17:47,973 autoreload File /home/fennyfeins/srv/webserver/stromszky/backend/venv/lib/python3.12/site-packages/MySQLdb/__init__.py first seen with mtime 1733653707.9667008
DEBUG 2024-12-19 10:17:47,973 autoreload File /home/fennyfeins/srv/webserver/stromszky/backend/venv/lib/python3.12/site-packages/django/urls/converters.py first seen with mtime 1733653708.723701
DEBUG 2024-12-19 10:17:47,973 autoreload File /usr/lib/python3.12/http/client.py first seen with mtime 1730917939.0
DEBUG 2024-12-19 10:17:47,973 autoreload File /home/fennyfeins/srv/webserver/stromszky/backend/venv/lib/python3.12/site-packages/django/db/migrations/operations/models.py first seen with mtime 1733653708.687701
DEBUG 2024-12-19 10:17:47,973 autoreload File /home/fennyfeins/srv/webserver/stromszky/backend/venv/lib/python3.12/site-packages/django/db/models/fields/files.py first seen with mtime 1733653708.6927009
DEBUG 2024-12-19 10:17:47,973 autoreload File /home/fennyfeins/srv/webserver/stromszky/backend/venv/lib/python3.12/site-packages/django/contrib/contenttypes/management/__init__.py first seen with mtime 1733653708.3677008
DEBUG 2024-12-19 10:17:47,973 autoreload File /home/fennyfeins/srv/webserver/stromszky/backend/venv/lib/python3.12/site-packages/django/utils/crypto.py first seen with mtime 1733653708.7257009
DEBUG 2024-12-19 10:17:47,973 autoreload File /home/fennyfeins/srv/webserver/stromszky/backend/venv/lib/python3.12/site-packages/django/core/handlers/base.py first seen with mtime 1733653708.663701
DEBUG 2024-12-19 10:17:47,973 autoreload File /home/fennyfeins/srv/webserver/stromszky/backend/venv/lib/python3.12/site-packages/MySQLdb/converters.py first seen with mtime 1733653707.968701
DEBUG 2024-12-19 10:17:47,973 autoreload File /home/fennyfeins/srv/webserver/stromszky/backend/venv/lib/python3.12/site-packages/django/http/multipartparser.py first seen with mtime 1733653708.713701
DEBUG 2024-12-19 10:17:47,973 autoreload File /home/fennyfeins/srv/webserver/stromszky/backend/venv/lib/python3.12/site-packages/django/contrib/admin/filters.py first seen with mtime 1733653708.121701
DEBUG 2024-12-19 10:17:47,973 autoreload File /usr/lib/python3.12/encodings/aliases.py first seen with mtime 1730917939.0
DEBUG 2024-12-19 10:17:47,973 autoreload File /home/fennyfeins/srv/webserver/stromszky/backend/venv/lib/python3.12/site-packages/django/db/backends/mysql/schema.py first seen with mtime 1733653708.678701
DEBUG 2024-12-19 10:17:47,973 autoreload File /usr/lib/python3.12/argparse.py first seen with mtime 1730917939.0
DEBUG 2024-12-19 10:17:47,973 autoreload File /home/fennyfeins/srv/webserver/stromszky/backend/venv/lib/python3.12/site-packages/django/apps/config.py first seen with mtime 1733653708.036701
DEBUG 2024-12-19 10:17:47,973 autoreload File /usr/lib/python3.12/asyncio/subprocess.py first seen with mtime 1730917939.0
DEBUG 2024-12-19 10:17:47,973 autoreload File /home/fennyfeins/srv/webserver/stromszky/backend/venv/lib/python3.12/site-packages/sqlparse/filters/aligned_indent.py first seen with mtime 1733653707.9327009
DEBUG 2024-12-19 10:17:47,973 autoreload File /home/fennyfeins/srv/webserver/stromszky/backend/venv/lib/python3.12/site-packages/MySQLdb/constants/FLAG.py first seen with mtime 1733653707.9697008
DEBUG 2024-12-19 10:17:47,973 autoreload File /home/fennyfeins/srv/webserver/stromszky/backend/venv/lib/python3.12/site-packages/django/utils/hashable.py first seen with mtime 1733653708.7287009
DEBUG 2024-12-19 10:17:47,973 autoreload File /home/fennyfeins/srv/webserver/stromszky/backend/venv/lib/python3.12/site-packages/django/core/files/utils.py first seen with mtime 1733653708.662701
DEBUG 2024-12-19 10:17:47,973 autoreload File /usr/lib/python3.12/opcode.py first seen with mtime 1730917939.0
DEBUG 2024-12-19 10:17:47,973 autoreload File /usr/lib/python3.12/http/cookies.py first seen with mtime 1730917939.0
DEBUG 2024-12-19 10:17:47,973 autoreload File /home/fennyfeins/srv/webserver/stromszky/backend/venv/lib/python3.12/site-packages/django/contrib/messages/storage/__init__.py first seen with mtime 1733653708.502701
DEBUG 2024-12-19 10:17:47,973 autoreload File /usr/lib/python3.12/lib-dynload/_ssl.cpython-312-x86_64-linux-gnu.so first seen with mtime 1730917939.0
DEBUG 2024-12-19 10:17:47,973 autoreload File /usr/lib/python3.12/asyncio/base_futures.py first seen with mtime 1730917939.0
DEBUG 2024-12-19 10:17:47,974 autoreload File /home/fennyfeins/srv/webserver/stromszky/backend/venv/lib/python3.12/site-packages/django/core/servers/__init__.py first seen with mtime 1733653708.672701
DEBUG 2024-12-19 10:17:47,974 autoreload File /home/fennyfeins/srv/webserver/stromszky/backend/venv/lib/python3.12/site-packages/django/db/backends/base/features.py first seen with mtime 1733653708.675701
DEBUG 2024-12-19 10:17:47,974 autoreload File /usr/lib/python3.12/email/_header_value_parser.py first seen with mtime 1730917939.0
DEBUG 2024-12-19 10:17:47,974 autoreload File /home/fennyfeins/srv/webserver/stromszky/backend/venv/lib/python3.12/site-packages/django/utils/functional.py first seen with mtime 1733653708.727701
DEBUG 2024-12-19 10:17:47,974 autoreload File /usr/lib/python3.12/glob.py first seen with mtime 1730917939.0
DEBUG 2024-12-19 10:17:47,974 autoreload File /home/fennyfeins/srv/webserver/stromszky/backend/venv/lib/python3.12/site-packages/rest_framework/utils/formatting.py first seen with mtime 1733653785.6796465
DEBUG 2024-12-19 10:17:47,974 autoreload File /usr/lib/python3.12/platform.py first seen with mtime 1730917939.0
DEBUG 2024-12-19 10:17:47,974 autoreload File /home/fennyfeins/srv/webserver/stromszky/backend/venv/lib/python3.12/site-packages/rest_framework/authentication.py first seen with mtime 1733653785.6216464
DEBUG 2024-12-19 10:17:47,974 autoreload File /usr/lib/python3.12/socket.py first seen with mtime 1730917939.0
DEBUG 2024-12-19 10:17:47,974 autoreload File /home/fennyfeins/srv/webserver/stromszky/backend/venv/lib/python3.12/site-packages/django/db/backends/mysql/features.py first seen with mtime 1733653708.677701
DEBUG 2024-12-19 10:17:47,974 autoreload File /home/fennyfeins/srv/webserver/stromszky/backend/venv/lib/python3.12/site-packages/django/db/models/fields/proxy.py first seen with mtime 1733653708.693701
DEBUG 2024-12-19 10:17:47,974 autoreload File /home/fennyfeins/srv/webserver/stromszky/backend/venv/lib/python3.12/site-packages/django/db/models/sql/subqueries.py first seen with mtime 1733653708.697701
DEBUG 2024-12-19 10:17:47,974 autoreload File /home/fennyfeins/srv/webserver/stromszky/backend/venv/lib/python3.12/site-packages/django/contrib/admin/views/autocomplete.py first seen with mtime 1733653708.2387009
DEBUG 2024-12-19 10:17:47,974 autoreload File /home/fennyfeins/srv/webserver/stromszky/backend/api/apps.py first seen with mtime 1733469847.8435373
DEBUG 2024-12-19 10:17:47,974 autoreload File /home/fennyfeins/srv/webserver/stromszky/backend/venv/lib/python3.12/site-packages/django/utils/choices.py first seen with mtime 1733653708.7257009
DEBUG 2024-12-19 10:17:47,974 autoreload File /usr/lib/python3.12/asyncio/transports.py first seen with mtime 1730917939.0
DEBUG 2024-12-19 10:17:47,974 autoreload File /usr/lib/python3.12/dataclasses.py first seen with mtime 1730917939.0
DEBUG 2024-12-19 10:17:47,974 autoreload File /home/fennyfeins/srv/webserver/stromszky/backend/venv/lib/python3.12/site-packages/django/contrib/staticfiles/finders.py first seen with mtime 1733653708.6537008
DEBUG 2024-12-19 10:17:47,974 autoreload File /home/fennyfeins/srv/webserver/stromszky/backend/venv/lib/python3.12/site-packages/django/db/backends/base/base.py first seen with mtime 1733653708.674701
DEBUG 2024-12-19 10:17:47,974 autoreload File /usr/lib/python3.12/difflib.py first seen with mtime 1730917939.0
DEBUG 2024-12-19 10:17:47,974 autoreload File /home/fennyfeins/srv/webserver/stromszky/backend/venv/lib/python3.12/site-packages/django/contrib/admin/__init__.py first seen with mtime 1733653708.1207008
DEBUG 2024-12-19 10:17:47,974 autoreload File /home/fennyfeins/srv/webserver/stromszky/backend/venv/lib/python3.12/site-packages/corsheaders/conf.py first seen with mtime 1733653769.488667
DEBUG 2024-12-19 10:17:47,974 autoreload File /home/fennyfeins/srv/webserver/stromszky/backend/venv/lib/python3.12/site-packages/django/db/migrations/migration.py first seen with mtime 1733653708.685701
DEBUG 2024-12-19 10:17:47,974 autoreload File /home/fennyfeins/srv/webserver/stromszky/backend/venv/lib/python3.12/site-packages/django/contrib/sessions/exceptions.py first seen with mtime 1733653708.5777009
DEBUG 2024-12-19 10:17:47,974 autoreload File /usr/lib/python3.12/lib-dynload/_json.cpython-312-x86_64-linux-gnu.so first seen with mtime 1730917939.0
DEBUG 2024-12-19 10:17:47,974 autoreload File /home/fennyfeins/srv/webserver/stromszky/backend/venv/lib/python3.12/site-packages/rest_framework/status.py first seen with mtime 1733653785.6276464
DEBUG 2024-12-19 10:17:47,974 autoreload File /home/fennyfeins/srv/webserver/stromszky/backend/venv/lib/python3.12/site-packages/asgiref/__init__.py first seen with mtime 1733653707.987701
DEBUG 2024-12-19 10:17:47,974 autoreload File /home/fennyfeins/srv/webserver/stromszky/backend/venv/lib/python3.12/site-packages/corsheaders/signals.py first seen with mtime 1733653769.488667
DEBUG 2024-12-19 10:17:47,974 autoreload File /usr/lib/python3.12/lib-dynload/_hashlib.cpython-312-x86_64-linux-gnu.so first seen with mtime 1730917939.0
DEBUG 2024-12-19 10:17:47,974 autoreload File /usr/lib/python3.12/copyreg.py first seen with mtime 1730917939.0
DEBUG 2024-12-19 10:17:47,974 autoreload File /home/fennyfeins/srv/webserver/stromszky/backend/venv/lib/python3.12/site-packages/django/utils/cache.py first seen with mtime 1733653708.7257009
DEBUG 2024-12-19 10:17:47,974 autoreload File /home/fennyfeins/srv/webserver/stromszky/backend/venv/lib/python3.12/site-packages/django/contrib/admin/templatetags/admin_modify.py first seen with mtime 1733653708.237701
DEBUG 2024-12-19 10:17:47,974 autoreload File /home/fennyfeins/srv/webserver/stromszky/backend/venv/lib/python3.12/site-packages/django/views/decorators/debug.py first seen with mtime 1733653708.733701
DEBUG 2024-12-19 10:17:47,974 autoreload File /home/fennyfeins/srv/webserver/stromszky/backend/venv/lib/python3.12/site-packages/MySQLdb/constants/__init__.py first seen with mtime 1733653707.9697008
DEBUG 2024-12-19 10:17:47,974 autoreload File /home/fennyfeins/srv/webserver/stromszky/backend/venv/lib/python3.12/site-packages/django/db/backends/base/validation.py first seen with mtime 1733653708.6767008
DEBUG 2024-12-19 10:17:47,974 autoreload File /home/fennyfeins/srv/webserver/stromszky/backend/venv/lib/python3.12/site-packages/django/db/models/expressions.py first seen with mtime 1733653708.6897008
DEBUG 2024-12-19 10:17:47,974 autoreload File /usr/lib/python3.12/signal.py first seen with mtime 1730917939.0
DEBUG 2024-12-19 10:17:47,974 autoreload File /home/fennyfeins/srv/webserver/stromszky/backend/venv/lib/python3.12/site-packages/sqlparse/sql.py first seen with mtime 1733653707.931701
DEBUG 2024-12-19 10:17:47,975 autoreload File /usr/lib/python3.12/urllib/error.py first seen with mtime 1730917939.0
DEBUG 2024-12-19 10:17:47,975 autoreload File /usr/lib/python3.12/getpass.py first seen with mtime 1730917939.0
DEBUG 2024-12-19 10:17:47,975 autoreload File /usr/lib/python3.12/decimal.py first seen with mtime 1730917939.0
DEBUG 2024-12-19 10:17:47,975 autoreload File /home/fennyfeins/srv/webserver/stromszky/backend/venv/lib/python3.12/site-packages/django/template/defaulttags.py first seen with mtime 1733653708.717701
DEBUG 2024-12-19 10:17:47,975 autoreload File /usr/lib/python3.12/zoneinfo/_common.py first seen with mtime 1730917939.0
DEBUG 2024-12-19 10:17:47,975 autoreload File /home/fennyfeins/srv/webserver/stromszky/backend/venv/lib/python3.12/site-packages/django/contrib/contenttypes/fields.py first seen with mtime 1733653708.333701
DEBUG 2024-12-19 10:17:47,975 autoreload File /home/fennyfeins/srv/webserver/stromszky/backend/venv/lib/python3.12/site-packages/django/contrib/sessions/__init__.py first seen with mtime 1733653708.576701
DEBUG 2024-12-19 10:17:47,975 autoreload File /home/fennyfeins/srv/webserver/stromszky/backend/venv/lib/python3.12/site-packages/django/core/cache/utils.py first seen with mtime 1733653708.657701
DEBUG 2024-12-19 10:17:47,975 autoreload File /usr/lib/python3.12/encodings/utf_8.py first seen with mtime 1730917939.0
DEBUG 2024-12-19 10:17:47,975 autoreload File /home/fennyfeins/srv/webserver/stromszky/backend/venv/lib/python3.12/site-packages/django/middleware/security.py first seen with mtime 1733653708.7157009
DEBUG 2024-12-19 10:17:47,975 autoreload File /home/fennyfeins/srv/webserver/stromszky/backend/venv/lib/python3.12/site-packages/django/core/checks/async_checks.py first seen with mtime 1733653708.658701
DEBUG 2024-12-19 10:17:47,975 autoreload File /home/fennyfeins/srv/webserver/stromszky/backend/venv/lib/python3.12/site-packages/django/template/loaders/base.py first seen with mtime 1733653708.719701
DEBUG 2024-12-19 10:17:47,975 autoreload File /home/fennyfeins/srv/webserver/stromszky/backend/venv/lib/python3.12/site-packages/django/contrib/messages/apps.py first seen with mtime 1733653708.5017009
DEBUG 2024-12-19 10:17:47,975 autoreload File /usr/lib/python3.12/html/parser.py first seen with mtime 1730917939.0
DEBUG 2024-12-19 10:17:47,975 autoreload File /usr/lib/python3.12/json/scanner.py first seen with mtime 1730917939.0
DEBUG 2024-12-19 10:17:47,975 autoreload File /home/fennyfeins/srv/webserver/stromszky/backend/venv/lib/python3.12/site-packages/django/utils/regex_helper.py first seen with mtime 1733653708.729701
DEBUG 2024-12-19 10:17:47,975 autoreload File /usr/lib/python3.12/warnings.py first seen with mtime 1730917939.0
DEBUG 2024-12-19 10:17:47,975 autoreload File /usr/lib/python3.12/email/generator.py first seen with mtime 1730917939.0
DEBUG 2024-12-19 10:17:47,975 autoreload File /home/fennyfeins/srv/webserver/stromszky/backend/venv/lib/python3.12/site-packages/sqlparse/utils.py first seen with mtime 1733653707.931701
DEBUG 2024-12-19 10:17:47,975 autoreload File /home/fennyfeins/srv/webserver/stromszky/backend/venv/lib/python3.12/site-packages/django/contrib/admin/apps.py first seen with mtime 1733653708.1207008
DEBUG 2024-12-19 10:17:47,975 autoreload File /home/fennyfeins/srv/webserver/stromszky/backend/venv/lib/python3.12/site-packages/django/utils/duration.py first seen with mtime 1733653708.727701
DEBUG 2024-12-19 10:17:47,975 autoreload File /home/fennyfeins/srv/webserver/stromszky/backend/venv/lib/python3.12/site-packages/rest_framework/utils/urls.py first seen with mtime 1733653785.6806464
DEBUG 2024-12-19 10:17:47,975 autoreload File /home/fennyfeins/srv/webserver/stromszky/backend/venv/lib/python3.12/site-packages/django/core/management/__init__.py first seen with mtime 1733653708.665701
DEBUG 2024-12-19 10:17:47,975 autoreload File /home/fennyfeins/srv/webserver/stromszky/backend/venv/lib/python3.12/site-packages/django/db/backends/postgresql/__init__.py first seen with mtime 1733653708.680701
DEBUG 2024-12-19 10:17:47,975 autoreload File /usr/lib/python3.12/logging/__init__.py first seen with mtime 1730917939.0
DEBUG 2024-12-19 10:17:47,975 autoreload File /home/fennyfeins/srv/webserver/stromszky/backend/venv/lib/python3.12/site-packages/django/middleware/csrf.py first seen with mtime 1733653708.714701
DEBUG 2024-12-19 10:17:47,975 autoreload File /home/fennyfeins/srv/webserver/stromszky/backend/venv/lib/python3.12/site-packages/django/db/models/query_utils.py first seen with mtime 1733653708.691701
DEBUG 2024-12-19 10:17:47,975 autoreload File /home/fennyfeins/srv/webserver/stromszky/backend/venv/lib/python3.12/site-packages/django/db/models/sql/constants.py first seen with mtime 1733653708.696701
DEBUG 2024-12-19 10:17:47,975 autoreload File /usr/lib/python3.12/textwrap.py first seen with mtime 1730917939.0
DEBUG 2024-12-19 10:17:47,975 autoreload File /home/fennyfeins/srv/webserver/stromszky/backend/venv/lib/python3.12/site-packages/django/core/files/storage/filesystem.py first seen with mtime 1733653708.662701
DEBUG 2024-12-19 10:17:47,975 autoreload File /usr/lib/python3.12/gettext.py first seen with mtime 1730917939.0
DEBUG 2024-12-19 10:17:47,975 autoreload File /usr/lib/python3.12/encodings/__init__.py first seen with mtime 1730917939.0
DEBUG 2024-12-19 10:17:47,975 autoreload File /usr/lib/python3.12/urllib/request.py first seen with mtime 1730917939.0
DEBUG 2024-12-19 10:17:47,975 autoreload File /home/fennyfeins/srv/webserver/stromszky/backend/venv/lib/python3.12/site-packages/django/views/i18n.py first seen with mtime 1733653708.732701
DEBUG 2024-12-19 10:17:47,975 autoreload File /home/fennyfeins/srv/webserver/stromszky/backend/venv/lib/python3.12/site-packages/django/contrib/postgres/__init__.py first seen with mtime 1733653708.503701
DEBUG 2024-12-19 10:17:47,975 autoreload File /home/fennyfeins/srv/webserver/stromszky/backend/venv/lib/python3.12/site-packages/django/views/debug.py first seen with mtime 1733653708.732701
DEBUG 2024-12-19 10:17:47,975 autoreload File /home/fennyfeins/srv/webserver/stromszky/backend/venv/lib/python3.12/site-packages/django/core/paginator.py first seen with mtime 1733653708.6567008
DEBUG 2024-12-19 10:17:47,975 autoreload File /usr/lib/python3.12/types.py first seen with mtime 1730917939.0
DEBUG 2024-12-19 10:17:47,975 autoreload File /home/fennyfeins/srv/webserver/stromszky/backend/venv/lib/python3.12/site-packages/django/utils/text.py first seen with mtime 1733653708.730701
DEBUG 2024-12-19 10:17:47,975 autoreload File /home/fennyfeins/srv/webserver/stromszky/backend/venv/lib/python3.12/site-packages/django/contrib/admin/helpers.py first seen with mtime 1733653708.121701
DEBUG 2024-12-19 10:17:47,976 autoreload File /home/fennyfeins/srv/webserver/stromszky/backend/venv/lib/python3.12/site-packages/django/db/utils.py first seen with mtime 1733653708.673701
DEBUG 2024-12-19 10:17:47,976 autoreload File /usr/lib/python3.12/hmac.py first seen with mtime 1730917939.0
DEBUG 2024-12-19 10:17:47,976 autoreload File /usr/lib/python3.12/locale.py first seen with mtime 1730917939.0
DEBUG 2024-12-19 10:17:47,976 autoreload File /usr/lib/python3.12/email/mime/nonmultipart.py first seen with mtime 1730917939.0
DEBUG 2024-12-19 10:17:47,976 autoreload File /home/fennyfeins/srv/webserver/stromszky/backend/venv/lib/python3.12/site-packages/django/core/checks/translation.py first seen with mtime 1733653708.6597009
DEBUG 2024-12-19 10:17:47,976 autoreload File /home/fennyfeins/srv/webserver/stromszky/backend/venv/lib/python3.12/site-packages/django/core/checks/registry.py first seen with mtime 1733653708.6597009
DEBUG 2024-12-19 10:17:47,976 autoreload File /usr/lib/python3.12/asyncio/base_tasks.py first seen with mtime 1730917939.0
DEBUG 2024-12-19 10:17:47,976 autoreload File /home/fennyfeins/srv/webserver/stromszky/backend/backend/settings.py first seen with mtime 1733669645.4900248
DEBUG 2024-12-19 10:17:47,976 autoreload File /home/fennyfeins/srv/webserver/stromszky/backend/venv/lib/python3.12/site-packages/rest_framework/compat.py first seen with mtime 1733653785.6226466
DEBUG 2024-12-19 10:17:47,976 autoreload File /home/fennyfeins/srv/webserver/stromszky/backend/venv/lib/python3.12/site-packages/django/utils/deconstruct.py first seen with mtime 1733653708.726701
DEBUG 2024-12-19 10:17:47,976 autoreload File /usr/lib/python3.12/concurrent/futures/__init__.py first seen with mtime 1730917939.0
DEBUG 2024-12-19 10:17:47,976 autoreload File /home/fennyfeins/srv/webserver/stromszky/backend/venv/lib/python3.12/site-packages/corsheaders/defaults.py first seen with mtime 1733653769.488667
DEBUG 2024-12-19 10:17:47,976 autoreload File /usr/lib/python3.12/asyncio/protocols.py first seen with mtime 1730917939.0
DEBUG 2024-12-19 10:17:47,976 autoreload File /usr/lib/python3.12/re/__init__.py first seen with mtime 1730917939.0
DEBUG 2024-12-19 10:17:47,976 autoreload File /home/fennyfeins/srv/webserver/stromszky/backend/venv/lib/python3.12/site-packages/django/contrib/sessions/base_session.py first seen with mtime 1733653708.5777009
DEBUG 2024-12-19 10:17:47,976 autoreload File /home/fennyfeins/srv/webserver/stromszky/backend/venv/lib/python3.12/site-packages/rest_framework/apps.py first seen with mtime 1733653785.6216464
DEBUG 2024-12-19 10:17:47,976 autoreload File /home/fennyfeins/srv/webserver/stromszky/backend/venv/lib/python3.12/site-packages/MySQLdb/times.py first seen with mtime 1733653707.968701
DEBUG 2024-12-19 10:17:47,976 autoreload File /usr/lib/python3.12/operator.py first seen with mtime 1730917939.0
DEBUG 2024-12-19 10:17:47,976 autoreload File /home/fennyfeins/srv/webserver/stromszky/backend/venv/lib/python3.12/site-packages/django/core/checks/templates.py first seen with mtime 1733653708.6597009
DEBUG 2024-12-19 10:17:47,976 autoreload File /home/fennyfeins/srv/webserver/stromszky/backend/venv/lib/python3.12/site-packages/django/db/models/manager.py first seen with mtime 1733653708.690701
DEBUG 2024-12-19 10:17:47,976 autoreload File /usr/lib/python3.12/email/contentmanager.py first seen with mtime 1730917939.0
DEBUG 2024-12-19 10:17:47,976 autoreload File /home/fennyfeins/srv/webserver/stromszky/backend/venv/lib/python3.12/site-packages/MySQLdb/_exceptions.py first seen with mtime 1733653707.9667008
DEBUG 2024-12-19 10:17:47,976 autoreload File /home/fennyfeins/srv/webserver/stromszky/backend/venv/lib/python3.12/site-packages/django/db/models/__init__.py first seen with mtime 1733653708.687701
DEBUG 2024-12-19 10:17:47,976 autoreload File /home/fennyfeins/srv/webserver/stromszky/backend/venv/lib/python3.12/site-packages/django/contrib/admin/exceptions.py first seen with mtime 1733653708.121701
DEBUG 2024-12-19 10:17:47,976 autoreload File /usr/lib/python3.12/lib-dynload/_decimal.cpython-312-x86_64-linux-gnu.so first seen with mtime 1730917939.0
DEBUG 2024-12-19 10:17:47,976 autoreload File /usr/lib/python3.12/pathlib.py first seen with mtime 1730917939.0
DEBUG 2024-12-19 10:17:47,976 autoreload File /home/fennyfeins/srv/webserver/stromszky/backend/venv/lib/python3.12/site-packages/django/utils/dateparse.py first seen with mtime 1733653708.726701
DEBUG 2024-12-19 10:17:47,976 autoreload File /home/fennyfeins/srv/webserver/stromszky/backend/venv/lib/python3.12/site-packages/django/contrib/postgres/validators.py first seen with mtime 1733653708.5057008
DEBUG 2024-12-19 10:17:47,976 autoreload File /home/fennyfeins/srv/webserver/stromszky/backend/venv/lib/python3.12/site-packages/django/views/generic/list.py first seen with mtime 1733653708.7357008
DEBUG 2024-12-19 10:17:47,976 autoreload File /home/fennyfeins/srv/webserver/stromszky/backend/venv/lib/python3.12/site-packages/django/contrib/messages/middleware.py first seen with mtime 1733653708.502701
DEBUG 2024-12-19 10:17:47,976 autoreload File /home/fennyfeins/srv/webserver/stromszky/backend/venv/lib/python3.12/site-packages/django/contrib/postgres/search.py first seen with mtime 1733653708.5057008
DEBUG 2024-12-19 10:17:47,976 autoreload File /home/fennyfeins/srv/webserver/stromszky/backend/venv/lib/python3.12/site-packages/django/forms/__init__.py first seen with mtime 1733653708.698701
DEBUG 2024-12-19 10:17:47,976 autoreload File /home/fennyfeins/srv/webserver/stromszky/backend/venv/lib/python3.12/site-packages/django/contrib/auth/apps.py first seen with mtime 1733653708.280701
DEBUG 2024-12-19 10:17:47,976 autoreload File /home/fennyfeins/srv/webserver/stromszky/backend/venv/lib/python3.12/site-packages/django/utils/lorem_ipsum.py first seen with mtime 1733653708.729701
DEBUG 2024-12-19 10:17:47,976 autoreload File /home/fennyfeins/srv/webserver/stromszky/backend/venv/lib/python3.12/site-packages/django/core/validators.py first seen with mtime 1733653708.6567008
DEBUG 2024-12-19 10:17:47,976 autoreload File /home/fennyfeins/srv/webserver/stromszky/backend/venv/lib/python3.12/site-packages/django/db/migrations/operations/fields.py first seen with mtime 1733653708.687701
DEBUG 2024-12-19 10:17:47,976 autoreload File /home/fennyfeins/srv/webserver/stromszky/backend/venv/lib/python3.12/site-packages/django/db/models/deletion.py first seen with mtime 1733653708.6897008
DEBUG 2024-12-19 10:17:47,976 autoreload File /home/fennyfeins/srv/webserver/stromszky/backend/venv/lib/python3.12/site-packages/django/db/backends/mysql/operations.py first seen with mtime 1733653708.677701
DEBUG 2024-12-19 10:17:47,977 autoreload File /home/fennyfeins/srv/webserver/stromszky/backend/venv/lib/python3.12/site-packages/rest_framework/templates/rest_framework first seen with mtime 1733653785.6766465
DEBUG 2024-12-19 10:17:47,977 autoreload File /home/fennyfeins/srv/webserver/stromszky/backend/venv/lib/python3.12/site-packages/rest_framework/templates/rest_framework/docs first seen with mtime 1733653785.6716464
DEBUG 2024-12-19 10:17:47,977 autoreload File /home/fennyfeins/srv/webserver/stromszky/backend/venv/lib/python3.12/site-packages/rest_framework/templates/rest_framework/pagination first seen with mtime 1733653785.6766465
DEBUG 2024-12-19 10:17:47,977 autoreload File /home/fennyfeins/srv/webserver/stromszky/backend/venv/lib/python3.12/site-packages/rest_framework/templates/rest_framework/login.html first seen with mtime 1733653785.6696465
DEBUG 2024-12-19 10:17:47,977 autoreload File /home/fennyfeins/srv/webserver/stromszky/backend/venv/lib/python3.12/site-packages/rest_framework/templates/rest_framework/admin.html first seen with mtime 1733653785.6686463
DEBUG 2024-12-19 10:17:47,977 autoreload File /home/fennyfeins/srv/webserver/stromszky/backend/venv/lib/python3.12/site-packages/rest_framework/templates/rest_framework/raw_data_form.html first seen with mtime 1733653785.6696465
DEBUG 2024-12-19 10:17:47,977 autoreload File /home/fennyfeins/srv/webserver/stromszky/backend/venv/lib/python3.12/site-packages/rest_framework/templates/rest_framework/schema.js first seen with mtime 1733653785.6696465
DEBUG 2024-12-19 10:17:47,977 autoreload File /home/fennyfeins/srv/webserver/stromszky/backend/venv/lib/python3.12/site-packages/rest_framework/templates/rest_framework/horizontal first seen with mtime 1733653785.6746464
DEBUG 2024-12-19 10:17:47,977 autoreload File /home/fennyfeins/srv/webserver/stromszky/backend/venv/lib/python3.12/site-packages/rest_framework/templates/rest_framework/login_base.html first seen with mtime 1733653785.6696465
DEBUG 2024-12-19 10:17:47,977 autoreload File /home/fennyfeins/srv/webserver/stromszky/backend/venv/lib/python3.12/site-packages/rest_framework/templates/rest_framework/base.html first seen with mtime 1733653785.6696465
DEBUG 2024-12-19 10:17:47,977 autoreload File /home/fennyfeins/srv/webserver/stromszky/backend/venv/lib/python3.12/site-packages/rest_framework/templates/rest_framework/inline first seen with mtime 1733653785.6766465
DEBUG 2024-12-19 10:17:47,977 autoreload File /home/fennyfeins/srv/webserver/stromszky/backend/venv/lib/python3.12/site-packages/rest_framework/templates/rest_framework/api.html first seen with mtime 1733653785.6686463
DEBUG 2024-12-19 10:17:47,977 autoreload File /home/fennyfeins/srv/webserver/stromszky/backend/venv/lib/python3.12/site-packages/rest_framework/templates/rest_framework/admin first seen with mtime 1733653785.6706464
DEBUG 2024-12-19 10:17:47,977 autoreload File /home/fennyfeins/srv/webserver/stromszky/backend/venv/lib/python3.12/site-packages/rest_framework/templates/rest_framework/vertical first seen with mtime 1733653785.6786463
DEBUG 2024-12-19 10:17:47,977 autoreload File /home/fennyfeins/srv/webserver/stromszky/backend/venv/lib/python3.12/site-packages/rest_framework/templates/rest_framework/filters first seen with mtime 1733653785.6726465
DEBUG 2024-12-19 10:17:47,978 autoreload File /home/fennyfeins/srv/webserver/stromszky/backend/venv/lib/python3.12/site-packages/rest_framework/templates/rest_framework/docs/link.html first seen with mtime 1733653785.6716464
DEBUG 2024-12-19 10:17:47,978 autoreload File /home/fennyfeins/srv/webserver/stromszky/backend/venv/lib/python3.12/site-packages/rest_framework/templates/rest_framework/docs/error.html first seen with mtime 1733653785.6706464
DEBUG 2024-12-19 10:17:47,978 autoreload File /home/fennyfeins/srv/webserver/stromszky/backend/venv/lib/python3.12/site-packages/rest_framework/templates/rest_framework/docs/langs first seen with mtime 1733653785.6726465
DEBUG 2024-12-19 10:17:47,978 autoreload File /home/fennyfeins/srv/webserver/stromszky/backend/venv/lib/python3.12/site-packages/rest_framework/templates/rest_framework/docs/sidebar.html first seen with mtime 1733653785.6716464
DEBUG 2024-12-19 10:17:47,978 autoreload File /home/fennyfeins/srv/webserver/stromszky/backend/venv/lib/python3.12/site-packages/rest_framework/templates/rest_framework/docs/interact.html first seen with mtime 1733653785.6706464
DEBUG 2024-12-19 10:17:47,978 autoreload File /home/fennyfeins/srv/webserver/stromszky/backend/venv/lib/python3.12/site-packages/rest_framework/templates/rest_framework/docs/document.html first seen with mtime 1733653785.6706464
DEBUG 2024-12-19 10:17:47,978 autoreload File /home/fennyfeins/srv/webserver/stromszky/backend/venv/lib/python3.12/site-packages/rest_framework/templates/rest_framework/docs/auth first seen with mtime 1733653785.6716464
DEBUG 2024-12-19 10:17:47,978 autoreload File /home/fennyfeins/srv/webserver/stromszky/backend/venv/lib/python3.12/site-packages/rest_framework/templates/rest_framework/docs/index.html first seen with mtime 1733653785.6706464
DEBUG 2024-12-19 10:17:47,978 autoreload File /home/fennyfeins/srv/webserver/stromszky/backend/venv/lib/python3.12/site-packages/rest_framework/templates/rest_framework/pagination/numbers.html first seen with mtime 1733653785.6766465
DEBUG 2024-12-19 10:17:47,978 autoreload File /home/fennyfeins/srv/webserver/stromszky/backend/venv/lib/python3.12/site-packages/rest_framework/templates/rest_framework/pagination/previous_and_next.html first seen with mtime 1733653785.6766465
DEBUG 2024-12-19 10:17:47,978 autoreload File /home/fennyfeins/srv/webserver/stromszky/backend/venv/lib/python3.12/site-packages/rest_framework/templates/rest_framework/horizontal/radio.html first seen with mtime 1733653785.6746464
DEBUG 2024-12-19 10:17:47,978 autoreload File /home/fennyfeins/srv/webserver/stromszky/backend/venv/lib/python3.12/site-packages/rest_framework/templates/rest_framework/horizontal/list_field.html first seen with mtime 1733653785.6736465
DEBUG 2024-12-19 10:17:47,978 autoreload File /home/fennyfeins/srv/webserver/stromszky/backend/venv/lib/python3.12/site-packages/rest_framework/templates/rest_framework/horizontal/textarea.html first seen with mtime 1733653785.6746464
DEBUG 2024-12-19 10:17:47,978 autoreload File /home/fennyfeins/srv/webserver/stromszky/backend/venv/lib/python3.12/site-packages/rest_framework/templates/rest_framework/horizontal/dict_field.html first seen with mtime 1733653785.6736465
DEBUG 2024-12-19 10:17:47,978 autoreload File /home/fennyfeins/srv/webserver/stromszky/backend/venv/lib/python3.12/site-packages/rest_framework/templates/rest_framework/horizontal/form.html first seen with mtime 1733653785.6736465
DEBUG 2024-12-19 10:17:47,978 autoreload File /home/fennyfeins/srv/webserver/stromszky/backend/venv/lib/python3.12/site-packages/rest_framework/templates/rest_framework/horizontal/list_fieldset.html first seen with mtime 1733653785.6746464
DEBUG 2024-12-19 10:17:47,978 autoreload File /home/fennyfeins/srv/webserver/stromszky/backend/venv/lib/python3.12/site-packages/rest_framework/templates/rest_framework/horizontal/select_multiple.html first seen with mtime 1733653785.6746464
DEBUG 2024-12-19 10:17:47,978 autoreload File /home/fennyfeins/srv/webserver/stromszky/backend/venv/lib/python3.12/site-packages/rest_framework/templates/rest_framework/horizontal/checkbox.html first seen with mtime 1733653785.6736465
DEBUG 2024-12-19 10:17:47,978 autoreload File /home/fennyfeins/srv/webserver/stromszky/backend/venv/lib/python3.12/site-packages/rest_framework/templates/rest_framework/horizontal/input.html first seen with mtime 1733653785.6736465
DEBUG 2024-12-19 10:17:47,978 autoreload File /home/fennyfeins/srv/webserver/stromszky/backend/venv/lib/python3.12/site-packages/rest_framework/templates/rest_framework/horizontal/fieldset.html first seen with mtime 1733653785.6736465
DEBUG 2024-12-19 10:17:47,978 autoreload File /home/fennyfeins/srv/webserver/stromszky/backend/venv/lib/python3.12/site-packages/rest_framework/templates/rest_framework/horizontal/checkbox_multiple.html first seen with mtime 1733653785.6736465
DEBUG 2024-12-19 10:17:47,979 autoreload File /home/fennyfeins/srv/webserver/stromszky/backend/venv/lib/python3.12/site-packages/rest_framework/templates/rest_framework/horizontal/select.html first seen with mtime 1733653785.6746464
DEBUG 2024-12-19 10:17:47,979 autoreload File /home/fennyfeins/srv/webserver/stromszky/backend/venv/lib/python3.12/site-packages/rest_framework/templates/rest_framework/inline/radio.html first seen with mtime 1733653785.6756465
DEBUG 2024-12-19 10:17:47,979 autoreload File /home/fennyfeins/srv/webserver/stromszky/backend/venv/lib/python3.12/site-packages/rest_framework/templates/rest_framework/inline/list_field.html first seen with mtime 1733653785.6756465
DEBUG 2024-12-19 10:17:47,979 autoreload File /home/fennyfeins/srv/webserver/stromszky/backend/venv/lib/python3.12/site-packages/rest_framework/templates/rest_framework/inline/textarea.html first seen with mtime 1733653785.6766465
DEBUG 2024-12-19 10:17:47,979 autoreload File /home/fennyfeins/srv/webserver/stromszky/backend/venv/lib/python3.12/site-packages/rest_framework/templates/rest_framework/inline/dict_field.html first seen with mtime 1733653785.6756465
DEBUG 2024-12-19 10:17:47,979 autoreload File /home/fennyfeins/srv/webserver/stromszky/backend/venv/lib/python3.12/site-packages/rest_framework/templates/rest_framework/inline/form.html first seen with mtime 1733653785.6756465
DEBUG 2024-12-19 10:17:47,979 autoreload File /home/fennyfeins/srv/webserver/stromszky/backend/venv/lib/python3.12/site-packages/rest_framework/templates/rest_framework/inline/list_fieldset.html first seen with mtime 1733653785.6756465
DEBUG 2024-12-19 10:17:47,979 autoreload File /home/fennyfeins/srv/webserver/stromszky/backend/venv/lib/python3.12/site-packages/rest_framework/templates/rest_framework/inline/select_multiple.html first seen with mtime 1733653785.6766465
DEBUG 2024-12-19 10:17:47,979 autoreload File /home/fennyfeins/srv/webserver/stromszky/backend/venv/lib/python3.12/site-packages/rest_framework/templates/rest_framework/inline/checkbox.html first seen with mtime 1733653785.6746464
DEBUG 2024-12-19 10:17:47,979 autoreload File /home/fennyfeins/srv/webserver/stromszky/backend/venv/lib/python3.12/site-packages/rest_framework/templates/rest_framework/inline/input.html first seen with mtime 1733653785.6756465
DEBUG 2024-12-19 10:17:47,979 autoreload File /home/fennyfeins/srv/webserver/stromszky/backend/venv/lib/python3.12/site-packages/rest_framework/templates/rest_framework/inline/fieldset.html first seen with mtime 1733653785.6756465
DEBUG 2024-12-19 10:17:47,979 autoreload File /home/fennyfeins/srv/webserver/stromszky/backend/venv/lib/python3.12/site-packages/rest_framework/templates/rest_framework/inline/checkbox_multiple.html first seen with mtime 1733653785.6746464
DEBUG 2024-12-19 10:17:47,979 autoreload File /home/fennyfeins/srv/webserver/stromszky/backend/venv/lib/python3.12/site-packages/rest_framework/templates/rest_framework/inline/select.html first seen with mtime 1733653785.6756465
DEBUG 2024-12-19 10:17:47,979 autoreload File /home/fennyfeins/srv/webserver/stromszky/backend/venv/lib/python3.12/site-packages/rest_framework/templates/rest_framework/admin/list_value.html first seen with mtime 1733653785.6706464
DEBUG 2024-12-19 10:17:47,979 autoreload File /home/fennyfeins/srv/webserver/stromszky/backend/venv/lib/python3.12/site-packages/rest_framework/templates/rest_framework/admin/detail.html first seen with mtime 1733653785.6696465
DEBUG 2024-12-19 10:17:47,979 autoreload File /home/fennyfeins/srv/webserver/stromszky/backend/venv/lib/python3.12/site-packages/rest_framework/templates/rest_framework/admin/simple_list_value.html first seen with mtime 1733653785.6706464
DEBUG 2024-12-19 10:17:47,979 autoreload File /home/fennyfeins/srv/webserver/stromszky/backend/venv/lib/python3.12/site-packages/rest_framework/templates/rest_framework/admin/dict_value.html first seen with mtime 1733653785.6696465
DEBUG 2024-12-19 10:17:47,979 autoreload File /home/fennyfeins/srv/webserver/stromszky/backend/venv/lib/python3.12/site-packages/rest_framework/templates/rest_framework/admin/list.html first seen with mtime 1733653785.6706464
DEBUG 2024-12-19 10:17:47,979 autoreload File /home/fennyfeins/srv/webserver/stromszky/backend/venv/lib/python3.12/site-packages/rest_framework/templates/rest_framework/vertical/radio.html first seen with mtime 1733653785.6776464
DEBUG 2024-12-19 10:17:47,979 autoreload File /home/fennyfeins/srv/webserver/stromszky/backend/venv/lib/python3.12/site-packages/rest_framework/templates/rest_framework/vertical/list_field.html first seen with mtime 1733653785.6776464
DEBUG 2024-12-19 10:17:47,980 autoreload File /home/fennyfeins/srv/webserver/stromszky/backend/venv/lib/python3.12/site-packages/rest_framework/templates/rest_framework/vertical/textarea.html first seen with mtime 1733653785.6786463
DEBUG 2024-12-19 10:17:47,980 autoreload File /home/fennyfeins/srv/webserver/stromszky/backend/venv/lib/python3.12/site-packages/rest_framework/templates/rest_framework/vertical/dict_field.html first seen with mtime 1733653785.6776464
DEBUG 2024-12-19 10:17:47,980 autoreload File /home/fennyfeins/srv/webserver/stromszky/backend/venv/lib/python3.12/site-packages/rest_framework/templates/rest_framework/vertical/form.html first seen with mtime 1733653785.6776464
DEBUG 2024-12-19 10:17:47,980 autoreload File /home/fennyfeins/srv/webserver/stromszky/backend/venv/lib/python3.12/site-packages/rest_framework/templates/rest_framework/vertical/list_fieldset.html first seen with mtime 1733653785.6776464
DEBUG 2024-12-19 10:17:47,980 autoreload File /home/fennyfeins/srv/webserver/stromszky/backend/venv/lib/python3.12/site-packages/rest_framework/templates/rest_framework/vertical/select_multiple.html first seen with mtime 1733653785.6786463
DEBUG 2024-12-19 10:17:47,980 autoreload File /home/fennyfeins/srv/webserver/stromszky/backend/venv/lib/python3.12/site-packages/rest_framework/templates/rest_framework/vertical/checkbox.html first seen with mtime 1733653785.6766465
DEBUG 2024-12-19 10:17:47,980 autoreload File /home/fennyfeins/srv/webserver/stromszky/backend/venv/lib/python3.12/site-packages/rest_framework/templates/rest_framework/vertical/input.html first seen with mtime 1733653785.6776464
DEBUG 2024-12-19 10:17:47,980 autoreload File /home/fennyfeins/srv/webserver/stromszky/backend/venv/lib/python3.12/site-packages/rest_framework/templates/rest_framework/vertical/fieldset.html first seen with mtime 1733653785.6776464
DEBUG 2024-12-19 10:17:47,980 autoreload File /home/fennyfeins/srv/webserver/stromszky/backend/venv/lib/python3.12/site-packages/rest_framework/templates/rest_framework/vertical/checkbox_multiple.html first seen with mtime 1733653785.6766465
DEBUG 2024-12-19 10:17:47,980 autoreload File /home/fennyfeins/srv/webserver/stromszky/backend/venv/lib/python3.12/site-packages/rest_framework/templates/rest_framework/vertical/select.html first seen with mtime 1733653785.6786463
DEBUG 2024-12-19 10:17:47,980 autoreload File /home/fennyfeins/srv/webserver/stromszky/backend/venv/lib/python3.12/site-packages/rest_framework/templates/rest_framework/filters/ordering.html first seen with mtime 1733653785.6726465
DEBUG 2024-12-19 10:17:47,980 autoreload File /home/fennyfeins/srv/webserver/stromszky/backend/venv/lib/python3.12/site-packages/rest_framework/templates/rest_framework/filters/base.html first seen with mtime 1733653785.6726465
DEBUG 2024-12-19 10:17:47,980 autoreload File /home/fennyfeins/srv/webserver/stromszky/backend/venv/lib/python3.12/site-packages/rest_framework/templates/rest_framework/filters/search.html first seen with mtime 1733653785.6726465
DEBUG 2024-12-19 10:17:47,980 autoreload File /home/fennyfeins/srv/webserver/stromszky/backend/venv/lib/python3.12/site-packages/rest_framework/templates/rest_framework/docs/langs/python.html first seen with mtime 1733653785.6726465
DEBUG 2024-12-19 10:17:47,980 autoreload File /home/fennyfeins/srv/webserver/stromszky/backend/venv/lib/python3.12/site-packages/rest_framework/templates/rest_framework/docs/langs/python-intro.html first seen with mtime 1733653785.6726465
DEBUG 2024-12-19 10:17:47,980 autoreload File /home/fennyfeins/srv/webserver/stromszky/backend/venv/lib/python3.12/site-packages/rest_framework/templates/rest_framework/docs/langs/javascript.html first seen with mtime 1733653785.6726465
DEBUG 2024-12-19 10:17:47,980 autoreload File /home/fennyfeins/srv/webserver/stromszky/backend/venv/lib/python3.12/site-packages/rest_framework/templates/rest_framework/docs/langs/shell.html first seen with mtime 1733653785.6726465
DEBUG 2024-12-19 10:17:47,980 autoreload File /home/fennyfeins/srv/webserver/stromszky/backend/venv/lib/python3.12/site-packages/rest_framework/templates/rest_framework/docs/langs/shell-intro.html first seen with mtime 1733653785.6726465
DEBUG 2024-12-19 10:17:47,980 autoreload File /home/fennyfeins/srv/webserver/stromszky/backend/venv/lib/python3.12/site-packages/rest_framework/templates/rest_framework/docs/langs/javascript-intro.html first seen with mtime 1733653785.6716464
DEBUG 2024-12-19 10:17:47,981 autoreload File /home/fennyfeins/srv/webserver/stromszky/backend/venv/lib/python3.12/site-packages/rest_framework/templates/rest_framework/docs/auth/basic.html first seen with mtime 1733653785.6716464
DEBUG 2024-12-19 10:17:47,981 autoreload File /home/fennyfeins/srv/webserver/stromszky/backend/venv/lib/python3.12/site-packages/rest_framework/templates/rest_framework/docs/auth/token.html first seen with mtime 1733653785.6716464
DEBUG 2024-12-19 10:17:47,981 autoreload File /home/fennyfeins/srv/webserver/stromszky/backend/venv/lib/python3.12/site-packages/rest_framework/templates/rest_framework/docs/auth/session.html first seen with mtime 1733653785.6716464
DEBUG 2024-12-19 10:17:47,981 autoreload File /home/fennyfeins/srv/webserver/stromszky/backend/api/templates/login.html first seen with mtime 1733469847.8445373
DEBUG 2024-12-19 10:17:47,982 autoreload File /home/fennyfeins/srv/webserver/stromszky/backend/venv/lib/python3.12/site-packages/rest_framework/locale/pl/LC_MESSAGES/django.mo first seen with mtime 1733653785.6476464
DEBUG 2024-12-19 10:17:47,982 autoreload File /home/fennyfeins/srv/webserver/stromszky/backend/venv/lib/python3.12/site-packages/rest_framework/locale/ro/LC_MESSAGES/django.mo first seen with mtime 1733653785.6486464
DEBUG 2024-12-19 10:17:47,983 autoreload File /home/fennyfeins/srv/webserver/stromszky/backend/venv/lib/python3.12/site-packages/rest_framework/locale/de/LC_MESSAGES/django.mo first seen with mtime 1733653785.6366465
DEBUG 2024-12-19 10:17:47,983 autoreload File /home/fennyfeins/srv/webserver/stromszky/backend/venv/lib/python3.12/site-packages/rest_framework/locale/fi/LC_MESSAGES/django.mo first seen with mtime 1733653785.6406465
DEBUG 2024-12-19 10:17:47,983 autoreload File /home/fennyfeins/srv/webserver/stromszky/backend/venv/lib/python3.12/site-packages/rest_framework/locale/ca/LC_MESSAGES/django.mo first seen with mtime 1733653785.6346464
DEBUG 2024-12-19 10:17:47,983 autoreload File /home/fennyfeins/srv/webserver/stromszky/backend/venv/lib/python3.12/site-packages/rest_framework/locale/en_CA/LC_MESSAGES/django.mo first seen with mtime 1733653785.6386464
DEBUG 2024-12-19 10:17:47,983 autoreload File /home/fennyfeins/srv/webserver/stromszky/backend/venv/lib/python3.12/site-packages/rest_framework/locale/zh_Hant/LC_MESSAGES/django.mo first seen with mtime 1733653785.6526465
DEBUG 2024-12-19 10:17:47,983 autoreload File /home/fennyfeins/srv/webserver/stromszky/backend/venv/lib/python3.12/site-packages/rest_framework/locale/cs/LC_MESSAGES/django.mo first seen with mtime 1733653785.6356466
DEBUG 2024-12-19 10:17:47,983 autoreload File /home/fennyfeins/srv/webserver/stromszky/backend/venv/lib/python3.12/site-packages/rest_framework/locale/gl/LC_MESSAGES/django.mo first seen with mtime 1733653785.6416464
DEBUG 2024-12-19 10:17:47,983 autoreload File /home/fennyfeins/srv/webserver/stromszky/backend/venv/lib/python3.12/site-packages/rest_framework/locale/en_AU/LC_MESSAGES/django.mo first seen with mtime 1733653785.6376464
DEBUG 2024-12-19 10:17:47,983 autoreload File /home/fennyfeins/srv/webserver/stromszky/backend/venv/lib/python3.12/site-packages/rest_framework/locale/en/LC_MESSAGES/django.mo first seen with mtime 1733653785.6376464
DEBUG 2024-12-19 10:17:47,983 autoreload File /home/fennyfeins/srv/webserver/stromszky/backend/venv/lib/python3.12/site-packages/rest_framework/locale/id/LC_MESSAGES/django.mo first seen with mtime 1733653785.6426466
DEBUG 2024-12-19 10:17:47,984 autoreload File /home/fennyfeins/srv/webserver/stromszky/backend/venv/lib/python3.12/site-packages/rest_framework/locale/et/LC_MESSAGES/django.mo first seen with mtime 1733653785.6396465
DEBUG 2024-12-19 10:17:47,984 autoreload File /home/fennyfeins/srv/webserver/stromszky/backend/venv/lib/python3.12/site-packages/rest_framework/locale/da/LC_MESSAGES/django.mo first seen with mtime 1733653785.6356466
DEBUG 2024-12-19 10:17:47,984 autoreload File /home/fennyfeins/srv/webserver/stromszky/backend/venv/lib/python3.12/site-packages/rest_framework/locale/ne_NP/LC_MESSAGES/django.mo first seen with mtime 1733653785.6466465
DEBUG 2024-12-19 10:17:47,984 autoreload File /home/fennyfeins/srv/webserver/stromszky/backend/venv/lib/python3.12/site-packages/rest_framework/locale/fr_CA/LC_MESSAGES/django.mo first seen with mtime 1733653785.6406465
DEBUG 2024-12-19 10:17:47,984 autoreload File /home/fennyfeins/srv/webserver/stromszky/backend/venv/lib/python3.12/site-packages/rest_framework/locale/fa_IR/LC_MESSAGES/django.mo first seen with mtime 1733653785.6396465
DEBUG 2024-12-19 10:17:47,984 autoreload File /home/fennyfeins/srv/webserver/stromszky/backend/venv/lib/python3.12/site-packages/rest_framework/locale/nb/LC_MESSAGES/django.mo first seen with mtime 1733653785.6456466
DEBUG 2024-12-19 10:17:47,984 autoreload File /home/fennyfeins/srv/webserver/stromszky/backend/venv/lib/python3.12/site-packages/rest_framework/locale/ach/LC_MESSAGES/django.mo first seen with mtime 1733653785.6336465
DEBUG 2024-12-19 10:17:47,984 autoreload File /home/fennyfeins/srv/webserver/stromszky/backend/venv/lib/python3.12/site-packages/rest_framework/locale/bg/LC_MESSAGES/django.mo first seen with mtime 1733653785.6346464
DEBUG 2024-12-19 10:17:47,984 autoreload File /home/fennyfeins/srv/webserver/stromszky/backend/venv/lib/python3.12/site-packages/rest_framework/locale/zh_CN/LC_MESSAGES/django.mo first seen with mtime 1733653785.6516464
DEBUG 2024-12-19 10:17:47,984 autoreload File /home/fennyfeins/srv/webserver/stromszky/backend/venv/lib/python3.12/site-packages/rest_framework/locale/zh_Hans/LC_MESSAGES/django.mo first seen with mtime 1733653785.6526465
DEBUG 2024-12-19 10:17:47,984 autoreload File /home/fennyfeins/srv/webserver/stromszky/backend/venv/lib/python3.12/site-packages/rest_framework/locale/ko_KR/LC_MESSAGES/django.mo first seen with mtime 1733653785.6446464
DEBUG 2024-12-19 10:17:47,985 autoreload File /home/fennyfeins/srv/webserver/stromszky/backend/venv/lib/python3.12/site-packages/rest_framework/locale/sl/LC_MESSAGES/django.mo first seen with mtime 1733653785.6506464
DEBUG 2024-12-19 10:17:47,985 autoreload File /home/fennyfeins/srv/webserver/stromszky/backend/venv/lib/python3.12/site-packages/rest_framework/locale/th/LC_MESSAGES/django.mo first seen with mtime 1733653785.6506464
DEBUG 2024-12-19 10:17:47,985 autoreload File /home/fennyfeins/srv/webserver/stromszky/backend/venv/lib/python3.12/site-packages/rest_framework/locale/az/LC_MESSAGES/django.mo first seen with mtime 1733653785.6336465
DEBUG 2024-12-19 10:17:47,985 autoreload File /home/fennyfeins/srv/webserver/stromszky/backend/venv/lib/python3.12/site-packages/rest_framework/locale/sk/LC_MESSAGES/django.mo first seen with mtime 1733653785.6496465
DEBUG 2024-12-19 10:17:47,985 autoreload File /home/fennyfeins/srv/webserver/stromszky/backend/venv/lib/python3.12/site-packages/rest_framework/locale/hy/LC_MESSAGES/django.mo first seen with mtime 1733653785.6426466
DEBUG 2024-12-19 10:17:47,985 autoreload File /home/fennyfeins/srv/webserver/stromszky/backend/venv/lib/python3.12/site-packages/rest_framework/locale/pt_BR/LC_MESSAGES/django.mo first seen with mtime 1733653785.6486464
DEBUG 2024-12-19 10:17:47,985 autoreload File /home/fennyfeins/srv/webserver/stromszky/backend/venv/lib/python3.12/site-packages/rest_framework/locale/ru/LC_MESSAGES/django.mo first seen with mtime 1733653785.6496465
DEBUG 2024-12-19 10:17:47,985 autoreload File /home/fennyfeins/srv/webserver/stromszky/backend/venv/lib/python3.12/site-packages/rest_framework/locale/pt/LC_MESSAGES/django.mo first seen with mtime 1733653785.6476464
DEBUG 2024-12-19 10:17:47,985 autoreload File /home/fennyfeins/srv/webserver/stromszky/backend/venv/lib/python3.12/site-packages/rest_framework/locale/ru_RU/LC_MESSAGES/django.mo first seen with mtime 1733653785.6496465
DEBUG 2024-12-19 10:17:47,985 autoreload File /home/fennyfeins/srv/webserver/stromszky/backend/venv/lib/python3.12/site-packages/rest_framework/locale/fr/LC_MESSAGES/django.mo first seen with mtime 1733653785.6406465
DEBUG 2024-12-19 10:17:47,986 autoreload File /home/fennyfeins/srv/webserver/stromszky/backend/venv/lib/python3.12/site-packages/rest_framework/locale/ja/LC_MESSAGES/django.mo first seen with mtime 1733653785.6436465
DEBUG 2024-12-19 10:17:47,986 autoreload File /home/fennyfeins/srv/webserver/stromszky/backend/venv/lib/python3.12/site-packages/rest_framework/locale/nn/LC_MESSAGES/django.mo first seen with mtime 1733653785.6476464
DEBUG 2024-12-19 10:17:47,986 autoreload File /home/fennyfeins/srv/webserver/stromszky/backend/venv/lib/python3.12/site-packages/rest_framework/locale/en_US/LC_MESSAGES/django.mo first seen with mtime 1733653785.6386464
DEBUG 2024-12-19 10:17:47,986 autoreload File /home/fennyfeins/srv/webserver/stromszky/backend/venv/lib/python3.12/site-packages/rest_framework/locale/ca_ES/LC_MESSAGES/django.mo first seen with mtime 1733653785.6356466
DEBUG 2024-12-19 10:17:47,986 autoreload File /home/fennyfeins/srv/webserver/stromszky/backend/venv/lib/python3.12/site-packages/rest_framework/locale/sv/LC_MESSAGES/django.mo first seen with mtime 1733653785.6506464
DEBUG 2024-12-19 10:17:47,986 autoreload File /home/fennyfeins/srv/webserver/stromszky/backend/venv/lib/python3.12/site-packages/rest_framework/locale/tr/LC_MESSAGES/django.mo first seen with mtime 1733653785.6506464
DEBUG 2024-12-19 10:17:47,986 autoreload File /home/fennyfeins/srv/webserver/stromszky/backend/venv/lib/python3.12/site-packages/rest_framework/locale/ar/LC_MESSAGES/django.mo first seen with mtime 1733653785.6336465
DEBUG 2024-12-19 10:17:47,986 autoreload File /home/fennyfeins/srv/webserver/stromszky/backend/venv/lib/python3.12/site-packages/rest_framework/locale/el/LC_MESSAGES/django.mo first seen with mtime 1733653785.6366465
DEBUG 2024-12-19 10:17:47,986 autoreload File /home/fennyfeins/srv/webserver/stromszky/backend/venv/lib/python3.12/site-packages/rest_framework/locale/tr_TR/LC_MESSAGES/django.mo first seen with mtime 1733653785.6516464
DEBUG 2024-12-19 10:17:47,986 autoreload File /home/fennyfeins/srv/webserver/stromszky/backend/venv/lib/python3.12/site-packages/rest_framework/locale/zh_TW/LC_MESSAGES/django.mo first seen with mtime 1733653785.6526465
DEBUG 2024-12-19 10:17:47,986 autoreload File /home/fennyfeins/srv/webserver/stromszky/backend/venv/lib/python3.12/site-packages/rest_framework/locale/be/LC_MESSAGES/django.mo first seen with mtime 1733653785.6346464
DEBUG 2024-12-19 10:17:47,987 autoreload File /home/fennyfeins/srv/webserver/stromszky/backend/venv/lib/python3.12/site-packages/rest_framework/locale/vi/LC_MESSAGES/django.mo first seen with mtime 1733653785.6516464
DEBUG 2024-12-19 10:17:47,987 autoreload File /home/fennyfeins/srv/webserver/stromszky/backend/venv/lib/python3.12/site-packages/rest_framework/locale/pt_PT/LC_MESSAGES/django.mo first seen with mtime 1733653785.6486464
DEBUG 2024-12-19 10:17:47,987 autoreload File /home/fennyfeins/srv/webserver/stromszky/backend/venv/lib/python3.12/site-packages/rest_framework/locale/gl_ES/LC_MESSAGES/django.mo first seen with mtime 1733653785.6416464
DEBUG 2024-12-19 10:17:47,987 autoreload File /home/fennyfeins/srv/webserver/stromszky/backend/venv/lib/python3.12/site-packages/rest_framework/locale/uk/LC_MESSAGES/django.mo first seen with mtime 1733653785.6516464
DEBUG 2024-12-19 10:17:47,987 autoreload File /home/fennyfeins/srv/webserver/stromszky/backend/venv/lib/python3.12/site-packages/rest_framework/locale/hu/LC_MESSAGES/django.mo first seen with mtime 1733653785.6426466
DEBUG 2024-12-19 10:17:47,987 autoreload File /home/fennyfeins/srv/webserver/stromszky/backend/venv/lib/python3.12/site-packages/rest_framework/locale/lv/LC_MESSAGES/django.mo first seen with mtime 1733653785.6446464
DEBUG 2024-12-19 10:17:47,987 autoreload File /home/fennyfeins/srv/webserver/stromszky/backend/venv/lib/python3.12/site-packages/rest_framework/locale/es/LC_MESSAGES/django.mo first seen with mtime 1733653785.6386464
DEBUG 2024-12-19 10:17:47,987 autoreload File /home/fennyfeins/srv/webserver/stromszky/backend/venv/lib/python3.12/site-packages/rest_framework/locale/he_IL/LC_MESSAGES/django.mo first seen with mtime 1733653785.6416464
DEBUG 2024-12-19 10:17:47,987 autoreload File /home/fennyfeins/srv/webserver/stromszky/backend/venv/lib/python3.12/site-packages/rest_framework/locale/fa/LC_MESSAGES/django.mo first seen with mtime 1733653785.6396465
DEBUG 2024-12-19 10:17:47,987 autoreload File /home/fennyfeins/srv/webserver/stromszky/backend/venv/lib/python3.12/site-packages/rest_framework/locale/lt/LC_MESSAGES/django.mo first seen with mtime 1733653785.6446464
DEBUG 2024-12-19 10:17:47,987 autoreload File /home/fennyfeins/srv/webserver/stromszky/backend/venv/lib/python3.12/site-packages/rest_framework/locale/nl/LC_MESSAGES/django.mo first seen with mtime 1733653785.6466465
DEBUG 2024-12-19 10:17:47,988 autoreload File /home/fennyfeins/srv/webserver/stromszky/backend/venv/lib/python3.12/site-packages/rest_framework/locale/no/LC_MESSAGES/django.mo first seen with mtime 1733653785.6476464
DEBUG 2024-12-19 10:17:47,988 autoreload File /home/fennyfeins/srv/webserver/stromszky/backend/venv/lib/python3.12/site-packages/rest_framework/locale/it/LC_MESSAGES/django.mo first seen with mtime 1733653785.6436465
DEBUG 2024-12-19 10:17:47,988 autoreload File /home/fennyfeins/srv/webserver/stromszky/backend/venv/lib/python3.12/site-packages/rest_framework/locale/mk/LC_MESSAGES/django.mo first seen with mtime 1733653785.6456466
DEBUG 2024-12-19 10:17:47,988 autoreload File /home/fennyfeins/srv/webserver/stromszky/backend/venv/lib/python3.12/site-packages/rest_framework/locale/el_GR/LC_MESSAGES/django.mo first seen with mtime 1733653785.6376464
DEBUG 2024-12-19 10:17:49,045 autoreload File /home/fennyfeins/srv/webserver/stromszky/backend/venv/lib/python3.12/site-packages/django/contrib/sessions/migrations/__init__.py first seen with mtime 1733653708.614701
DEBUG 2024-12-19 10:17:49,045 autoreload File /home/fennyfeins/srv/webserver/stromszky/backend/venv/lib/python3.12/site-packages/django/contrib/contenttypes/migrations/0002_remove_content_type_name.py first seen with mtime 1733653708.368701
DEBUG 2024-12-19 10:17:49,045 autoreload File /home/fennyfeins/srv/webserver/stromszky/backend/venv/lib/python3.12/site-packages/django/contrib/auth/migrations/0003_alter_user_email_max_length.py first seen with mtime 1733653708.3307009
DEBUG 2024-12-19 10:17:49,045 autoreload File /usr/lib/python3.12/stringprep.py first seen with mtime 1730917939.0
DEBUG 2024-12-19 10:17:49,046 autoreload File /home/fennyfeins/srv/webserver/stromszky/backend/venv/lib/python3.12/site-packages/django/contrib/contenttypes/migrations/__init__.py first seen with mtime 1733653708.368701
DEBUG 2024-12-19 10:17:49,046 autoreload File /home/fennyfeins/srv/webserver/stromszky/backend/venv/lib/python3.12/site-packages/django/contrib/admin/migrations/0003_logentry_add_action_flag_choices.py first seen with mtime 1733653708.206701
DEBUG 2024-12-19 10:17:49,046 autoreload File /home/fennyfeins/srv/webserver/stromszky/backend/venv/lib/python3.12/site-packages/django/views/csrf.py first seen with mtime 1733653708.732701
DEBUG 2024-12-19 10:17:49,046 autoreload File /home/fennyfeins/srv/webserver/stromszky/backend/api/migrations/__init__.py first seen with mtime 1733469847.8435373
DEBUG 2024-12-19 10:17:49,046 autoreload File /home/fennyfeins/srv/webserver/stromszky/backend/venv/lib/python3.12/site-packages/django/contrib/admin/migrations/0001_initial.py first seen with mtime 1733653708.2057009
DEBUG 2024-12-19 10:17:49,046 autoreload File /home/fennyfeins/srv/webserver/stromszky/backend/venv/lib/python3.12/site-packages/django/contrib/auth/migrations/0001_initial.py first seen with mtime 1733653708.3307009
DEBUG 2024-12-19 10:17:49,046 autoreload File /home/fennyfeins/srv/webserver/stromszky/backend/venv/lib/python3.12/site-packages/django/contrib/auth/migrations/0006_require_contenttypes_0002.py first seen with mtime 1733653708.331701
DEBUG 2024-12-19 10:17:49,046 autoreload File /usr/lib/python3.12/encodings/idna.py first seen with mtime 1730917939.0
DEBUG 2024-12-19 10:17:49,047 autoreload File /home/fennyfeins/srv/webserver/stromszky/backend/venv/lib/python3.12/site-packages/django/contrib/contenttypes/migrations/0001_initial.py first seen with mtime 1733653708.368701
DEBUG 2024-12-19 10:17:49,047 autoreload File /home/fennyfeins/srv/webserver/stromszky/backend/venv/lib/python3.12/site-packages/django/views/defaults.py first seen with mtime 1733653708.732701
DEBUG 2024-12-19 10:17:49,047 autoreload File /home/fennyfeins/srv/webserver/stromszky/backend/venv/lib/python3.12/site-packages/django/db/backends/mysql/compiler.py first seen with mtime 1733653708.677701
DEBUG 2024-12-19 10:17:49,047 autoreload File /home/fennyfeins/srv/webserver/stromszky/backend/venv/lib/python3.12/site-packages/django/contrib/admin/migrations/__init__.py first seen with mtime 1733653708.206701
DEBUG 2024-12-19 10:17:49,047 autoreload File /home/fennyfeins/srv/webserver/stromszky/backend/venv/lib/python3.12/site-packages/django/contrib/auth/migrations/0009_alter_user_last_name_max_length.py first seen with mtime 1733653708.331701
DEBUG 2024-12-19 10:17:49,047 autoreload File /home/fennyfeins/srv/webserver/stromszky/backend/venv/lib/python3.12/site-packages/django/db/migrations/loader.py first seen with mtime 1733653708.685701
DEBUG 2024-12-19 10:17:49,047 autoreload File /home/fennyfeins/srv/webserver/stromszky/backend/venv/lib/python3.12/site-packages/django/db/models/sql/compiler.py first seen with mtime 1733653708.696701
DEBUG 2024-12-19 10:17:49,047 autoreload File /home/fennyfeins/srv/webserver/stromszky/backend/venv/lib/python3.12/site-packages/django/contrib/auth/migrations/0011_update_proxy_permissions.py first seen with mtime 1733653708.331701
DEBUG 2024-12-19 10:17:49,048 autoreload File /home/fennyfeins/srv/webserver/stromszky/backend/venv/lib/python3.12/site-packages/django/contrib/sessions/migrations/0001_initial.py first seen with mtime 1733653708.614701
DEBUG 2024-12-19 10:17:49,048 autoreload File /home/fennyfeins/srv/webserver/stromszky/backend/venv/lib/python3.12/site-packages/django/db/migrations/recorder.py first seen with mtime 1733653708.685701
DEBUG 2024-12-19 10:17:49,048 autoreload File /home/fennyfeins/srv/webserver/stromszky/backend/venv/lib/python3.12/site-packages/MySQLdb/cursors.py first seen with mtime 1733653707.968701
DEBUG 2024-12-19 10:17:49,048 autoreload File /home/fennyfeins/srv/webserver/stromszky/backend/venv/lib/python3.12/site-packages/django/contrib/auth/migrations/0005_alter_user_last_login_null.py first seen with mtime 1733653708.3307009
DEBUG 2024-12-19 10:17:49,048 autoreload File /home/fennyfeins/srv/webserver/stromszky/backend/api/migrations/0001_initial.py first seen with mtime 1733469847.8435373
DEBUG 2024-12-19 10:17:49,048 autoreload File /home/fennyfeins/srv/webserver/stromszky/backend/venv/lib/python3.12/site-packages/django/contrib/auth/migrations/__init__.py first seen with mtime 1733653708.331701
DEBUG 2024-12-19 10:17:49,048 autoreload File /home/fennyfeins/srv/webserver/stromszky/backend/venv/lib/python3.12/site-packages/django/contrib/auth/migrations/0012_alter_user_first_name_max_length.py first seen with mtime 1733653708.331701
DEBUG 2024-12-19 10:17:49,048 autoreload File /home/fennyfeins/srv/webserver/stromszky/backend/venv/lib/python3.12/site-packages/django/contrib/auth/migrations/0010_alter_group_name_max_length.py first seen with mtime 1733653708.331701
DEBUG 2024-12-19 10:17:49,049 autoreload File /home/fennyfeins/srv/webserver/stromszky/backend/venv/lib/python3.12/site-packages/django/db/migrations/graph.py first seen with mtime 1733653708.684701
DEBUG 2024-12-19 10:17:49,049 autoreload File /home/fennyfeins/srv/webserver/stromszky/backend/venv/lib/python3.12/site-packages/django/contrib/sessions/backends/db.py first seen with mtime 1733653708.578701
DEBUG 2024-12-19 10:17:49,049 autoreload File /home/fennyfeins/srv/webserver/stromszky/backend/venv/lib/python3.12/site-packages/django/contrib/admin/migrations/0002_logentry_remove_auto_add.py first seen with mtime 1733653708.206701
DEBUG 2024-12-19 10:17:49,049 autoreload File /home/fennyfeins/srv/webserver/stromszky/backend/venv/lib/python3.12/site-packages/django/conf/urls/__init__.py first seen with mtime 1733653708.119701
DEBUG 2024-12-19 10:17:49,049 autoreload File /home/fennyfeins/srv/webserver/stromszky/backend/venv/lib/python3.12/site-packages/django/contrib/auth/migrations/0008_alter_user_username_max_length.py first seen with mtime 1733653708.331701
DEBUG 2024-12-19 10:17:49,049 autoreload File /home/fennyfeins/srv/webserver/stromszky/backend/venv/lib/python3.12/site-packages/django/contrib/auth/migrations/0004_alter_user_username_opts.py first seen with mtime 1733653708.3307009
DEBUG 2024-12-19 10:17:49,049 autoreload File /home/fennyfeins/srv/webserver/stromszky/backend/venv/lib/python3.12/site-packages/django/contrib/auth/migrations/0002_alter_permission_name_max_length.py first seen with mtime 1733653708.3307009
DEBUG 2024-12-19 10:17:49,049 autoreload File /home/fennyfeins/srv/webserver/stromszky/backend/venv/lib/python3.12/site-packages/django/db/migrations/executor.py first seen with mtime 1733653708.684701
DEBUG 2024-12-19 10:17:49,050 autoreload File /home/fennyfeins/srv/webserver/stromszky/backend/backend/wsgi.py first seen with mtime 1733469847.8445373
DEBUG 2024-12-19 10:17:49,050 autoreload File /home/fennyfeins/srv/webserver/stromszky/backend/venv/lib/python3.12/site-packages/django/contrib/auth/migrations/0007_alter_validators_add_error_messages.py first seen with mtime 1733653708.331701
DEBUG 2024-12-19 10:17:49,050 autoreload File /home/fennyfeins/srv/webserver/stromszky/backend/venv/lib/python3.12/site-packages/MySQLdb/connections.py first seen with mtime 1733653707.968701
INFO 2024-12-19 10:18:08,375 autoreload Watching for file changes with StatReloader
DEBUG 2024-12-19 10:18:08,375 autoreload Waiting for apps ready_event.
DEBUG 2024-12-19 10:18:08,412 autoreload Apps ready_event triggered. Sending autoreload_started signal.
DEBUG 2024-12-19 10:18:08,418 autoreload Watching dir /home/fennyfeins/srv/webserver/stromszky/backend/api/templates with glob **/*.
DEBUG 2024-12-19 10:18:08,418 autoreload Watching dir /home/fennyfeins/srv/webserver/stromszky/backend/venv/lib/python3.12/site-packages/rest_framework/templates with glob **/*.
DEBUG 2024-12-19 10:18:08,418 autoreload Watching dir /home/fennyfeins/srv/webserver/stromszky/backend/locale with glob **/*.mo.
DEBUG 2024-12-19 10:18:08,418 autoreload Watching dir /home/fennyfeins/srv/webserver/stromszky/backend/api/locale with glob **/*.mo.
DEBUG 2024-12-19 10:18:08,418 autoreload Watching dir /home/fennyfeins/srv/webserver/stromszky/backend/venv/lib/python3.12/site-packages/corsheaders/locale with glob **/*.mo.
DEBUG 2024-12-19 10:18:08,419 autoreload Watching dir /home/fennyfeins/srv/webserver/stromszky/backend/venv/lib/python3.12/site-packages/rest_framework/locale with glob **/*.mo.
DEBUG 2024-12-19 10:18:08,516 autoreload File /home/fennyfeins/srv/webserver/stromszky/backend/venv/lib/python3.12/site-packages/django/views/static.py first seen with mtime 1733653708.733701
DEBUG 2024-12-19 10:18:08,516 autoreload File /usr/lib/python3.12/lzma.py first seen with mtime 1730917939.0
DEBUG 2024-12-19 10:18:08,516 autoreload File /home/fennyfeins/srv/webserver/stromszky/backend/venv/lib/python3.12/site-packages/django/core/checks/templates.py first seen with mtime 1733653708.6597009
DEBUG 2024-12-19 10:18:08,516 autoreload File /home/fennyfeins/srv/webserver/stromszky/backend/venv/lib/python3.12/site-packages/django/views/decorators/common.py first seen with mtime 1733653708.733701
DEBUG 2024-12-19 10:18:08,516 autoreload File /home/fennyfeins/srv/webserver/stromszky/backend/venv/lib/python3.12/site-packages/django/core/mail/__init__.py first seen with mtime 1733653708.664701
DEBUG 2024-12-19 10:18:08,517 autoreload File /usr/lib/python3.12/re/_compiler.py first seen with mtime 1730917939.0
DEBUG 2024-12-19 10:18:08,517 autoreload File /home/fennyfeins/srv/webserver/stromszky/backend/venv/lib/python3.12/site-packages/django/db/backends/mysql/introspection.py first seen with mtime 1733653708.677701
DEBUG 2024-12-19 10:18:08,517 autoreload File /home/fennyfeins/srv/webserver/stromszky/backend/api/__init__.py first seen with mtime 1733469847.8435373
DEBUG 2024-12-19 10:18:08,517 autoreload File /home/fennyfeins/srv/webserver/stromszky/backend/venv/lib/python3.12/site-packages/rest_framework/schemas/inspectors.py first seen with mtime 1733653785.6536465
DEBUG 2024-12-19 10:18:08,517 autoreload File /usr/lib/python3.12/random.py first seen with mtime 1730917939.0
DEBUG 2024-12-19 10:18:08,517 autoreload File /home/fennyfeins/srv/webserver/stromszky/backend/venv/lib/python3.12/site-packages/corsheaders/signals.py first seen with mtime 1733653769.488667
DEBUG 2024-12-19 10:18:08,517 autoreload File /home/fennyfeins/srv/webserver/stromszky/backend/venv/lib/python3.12/site-packages/django/db/backends/base/__init__.py first seen with mtime 1733653708.674701
DEBUG 2024-12-19 10:18:08,517 autoreload File /usr/lib/python3.12/email/errors.py first seen with mtime 1730917939.0
DEBUG 2024-12-19 10:18:08,517 autoreload File /home/fennyfeins/srv/webserver/stromszky/backend/venv/lib/python3.12/site-packages/django/utils/deprecation.py first seen with mtime 1733653708.727701
DEBUG 2024-12-19 10:18:08,517 autoreload File /usr/lib/python3.12/_compat_pickle.py first seen with mtime 1730917939.0
DEBUG 2024-12-19 10:18:08,517 autoreload File /home/fennyfeins/srv/webserver/stromszky/backend/venv/lib/python3.12/site-packages/django/template/autoreload.py first seen with mtime 1733653708.7157009
DEBUG 2024-12-19 10:18:08,517 autoreload File /usr/lib/python3.12/types.py first seen with mtime 1730917939.0
DEBUG 2024-12-19 10:18:08,517 autoreload File /usr/lib/python3.12/logging/handlers.py first seen with mtime 1730917939.0
DEBUG 2024-12-19 10:18:08,517 autoreload File /home/fennyfeins/srv/webserver/stromszky/backend/venv/lib/python3.12/site-packages/asgiref/__init__.py first seen with mtime 1733653707.987701
DEBUG 2024-12-19 10:18:08,517 autoreload File /home/fennyfeins/srv/webserver/stromszky/backend/venv/lib/python3.12/site-packages/django/contrib/contenttypes/__init__.py first seen with mtime 1733653708.332701
DEBUG 2024-12-19 10:18:08,517 autoreload File /home/fennyfeins/srv/webserver/stromszky/backend/venv/lib/python3.12/site-packages/django/db/backends/base/client.py first seen with mtime 1733653708.674701
DEBUG 2024-12-19 10:18:08,517 autoreload File /home/fennyfeins/srv/webserver/stromszky/backend/venv/lib/python3.12/site-packages/django/db/transaction.py first seen with mtime 1733653708.673701
DEBUG 2024-12-19 10:18:08,517 autoreload File /home/fennyfeins/srv/webserver/stromszky/backend/venv/lib/python3.12/site-packages/rest_framework/schemas/coreapi.py first seen with mtime 1733653785.6536465
DEBUG 2024-12-19 10:18:08,517 autoreload File /home/fennyfeins/srv/webserver/stromszky/backend/venv/lib/python3.12/site-packages/django/contrib/auth/checks.py first seen with mtime 1733653708.280701
DEBUG 2024-12-19 10:18:08,517 autoreload File /home/fennyfeins/srv/webserver/stromszky/backend/venv/lib/python3.12/site-packages/django/forms/models.py first seen with mtime 1733653708.6997008
DEBUG 2024-12-19 10:18:08,517 autoreload File /home/fennyfeins/srv/webserver/stromszky/backend/venv/lib/python3.12/site-packages/django/core/checks/__init__.py first seen with mtime 1733653708.658701
DEBUG 2024-12-19 10:18:08,517 autoreload File /home/fennyfeins/srv/webserver/stromszky/backend/venv/lib/python3.12/site-packages/django/template/defaulttags.py first seen with mtime 1733653708.717701
DEBUG 2024-12-19 10:18:08,517 autoreload File /home/fennyfeins/srv/webserver/stromszky/backend/backend/__init__.py first seen with mtime 1733469847.8445373
DEBUG 2024-12-19 10:18:08,517 autoreload File /home/fennyfeins/srv/webserver/stromszky/backend/venv/lib/python3.12/site-packages/rest_framework/validators.py first seen with mtime 1733653785.6286466
DEBUG 2024-12-19 10:18:08,517 autoreload File /home/fennyfeins/srv/webserver/stromszky/backend/venv/lib/python3.12/site-packages/MySQLdb/constants/__init__.py first seen with mtime 1733653707.9697008
DEBUG 2024-12-19 10:18:08,517 autoreload File /home/fennyfeins/srv/webserver/stromszky/backend/venv/lib/python3.12/site-packages/django/core/management/__init__.py first seen with mtime 1733653708.665701
DEBUG 2024-12-19 10:18:08,517 autoreload File /home/fennyfeins/srv/webserver/stromszky/backend/venv/lib/python3.12/site-packages/django/middleware/__init__.py first seen with mtime 1733653708.714701
DEBUG 2024-12-19 10:18:08,517 autoreload File /home/fennyfeins/srv/webserver/stromszky/backend/venv/lib/python3.12/site-packages/django/contrib/messages/api.py first seen with mtime 1733653708.5017009
DEBUG 2024-12-19 10:18:08,517 autoreload File /usr/lib/python3.12/email/charset.py first seen with mtime 1730917939.0
DEBUG 2024-12-19 10:18:08,517 autoreload File /home/fennyfeins/srv/webserver/stromszky/backend/venv/lib/python3.12/site-packages/MySQLdb/__init__.py first seen with mtime 1733653707.9667008
DEBUG 2024-12-19 10:18:08,517 autoreload File /home/fennyfeins/srv/webserver/stromszky/backend/venv/lib/python3.12/site-packages/django/shortcuts.py first seen with mtime 1733653708.0357008
DEBUG 2024-12-19 10:18:08,517 autoreload File /home/fennyfeins/srv/webserver/stromszky/backend/venv/lib/python3.12/site-packages/django/core/servers/basehttp.py first seen with mtime 1733653708.672701
DEBUG 2024-12-19 10:18:08,517 autoreload File /usr/lib/python3.12/locale.py first seen with mtime 1730917939.0
DEBUG 2024-12-19 10:18:08,517 autoreload File /home/fennyfeins/srv/webserver/stromszky/backend/venv/lib/python3.12/site-packages/django/db/backends/signals.py first seen with mtime 1733653708.673701
DEBUG 2024-12-19 10:18:08,518 autoreload File /usr/lib/python3.12/copy.py first seen with mtime 1730917939.0
DEBUG 2024-12-19 10:18:08,518 autoreload File /home/fennyfeins/srv/webserver/stromszky/backend/venv/lib/python3.12/site-packages/django/apps/registry.py first seen with mtime 1733653708.036701
DEBUG 2024-12-19 10:18:08,518 autoreload File /home/fennyfeins/srv/webserver/stromszky/backend/venv/lib/python3.12/site-packages/django/core/management/commands/runserver.py first seen with mtime 1733653708.6697009
DEBUG 2024-12-19 10:18:08,518 autoreload File /home/fennyfeins/srv/webserver/stromszky/backend/venv/lib/python3.12/site-packages/django/forms/utils.py first seen with mtime 1733653708.700701
DEBUG 2024-12-19 10:18:08,518 autoreload File /home/fennyfeins/srv/webserver/stromszky/backend/venv/lib/python3.12/site-packages/django/template/exceptions.py first seen with mtime 1733653708.717701
DEBUG 2024-12-19 10:18:08,518 autoreload File /home/fennyfeins/srv/webserver/stromszky/backend/venv/lib/python3.12/site-packages/django/core/management/commands/__init__.py first seen with mtime 1733653708.667701
DEBUG 2024-12-19 10:18:08,518 autoreload File /home/fennyfeins/srv/webserver/stromszky/backend/venv/lib/python3.12/site-packages/django/forms/renderers.py first seen with mtime 1733653708.6997008
DEBUG 2024-12-19 10:18:08,518 autoreload File /usr/lib/python3.12/asyncio/futures.py first seen with mtime 1730917939.0
DEBUG 2024-12-19 10:18:08,518 autoreload File /usr/lib/python3.12/__future__.py first seen with mtime 1730917939.0
DEBUG 2024-12-19 10:18:08,518 autoreload File /home/fennyfeins/srv/webserver/stromszky/backend/venv/lib/python3.12/site-packages/django/template/defaultfilters.py first seen with mtime 1733653708.716701
DEBUG 2024-12-19 10:18:08,518 autoreload File /home/fennyfeins/srv/webserver/stromszky/backend/venv/lib/python3.12/site-packages/django/views/decorators/cache.py first seen with mtime 1733653708.733701
DEBUG 2024-12-19 10:18:08,518 autoreload File /home/fennyfeins/srv/webserver/stromszky/backend/venv/lib/python3.12/site-packages/django/core/checks/async_checks.py first seen with mtime 1733653708.658701
DEBUG 2024-12-19 10:18:08,518 autoreload File /usr/lib/python3.12/wsgiref/util.py first seen with mtime 1730917939.0
DEBUG 2024-12-19 10:18:08,518 autoreload File /usr/lib/python3.12/asyncio/staggered.py first seen with mtime 1730917939.0
DEBUG 2024-12-19 10:18:08,518 autoreload File /home/fennyfeins/srv/webserver/stromszky/backend/venv/lib/python3.12/site-packages/django/db/models/sql/__init__.py first seen with mtime 1733653708.695701
DEBUG 2024-12-19 10:18:08,518 autoreload File /home/fennyfeins/srv/webserver/stromszky/backend/api/urls.py first seen with mtime 1733666619.1227663
DEBUG 2024-12-19 10:18:08,518 autoreload File /home/fennyfeins/srv/webserver/stromszky/backend/venv/lib/python3.12/site-packages/rest_framework/templatetags/__init__.py first seen with mtime 1733653785.6786463
DEBUG 2024-12-19 10:18:08,518 autoreload File /home/fennyfeins/srv/webserver/stromszky/backend/venv/lib/python3.12/site-packages/django/contrib/postgres/lookups.py first seen with mtime 1733653708.504701
DEBUG 2024-12-19 10:18:08,518 autoreload File /home/fennyfeins/srv/webserver/stromszky/backend/venv/lib/python3.12/site-packages/django/core/handlers/exception.py first seen with mtime 1733653708.664701
DEBUG 2024-12-19 10:18:08,518 autoreload File /home/fennyfeins/srv/webserver/stromszky/backend/venv/lib/python3.12/site-packages/django/core/cache/backends/locmem.py first seen with mtime 1733653708.658701
DEBUG 2024-12-19 10:18:08,518 autoreload File /home/fennyfeins/srv/webserver/stromszky/backend/venv/lib/python3.12/site-packages/django/db/models/fields/related.py first seen with mtime 1733653708.693701
DEBUG 2024-12-19 10:18:08,518 autoreload File /usr/lib/python3.12/asyncio/transports.py first seen with mtime 1730917939.0
DEBUG 2024-12-19 10:18:08,518 autoreload File /home/fennyfeins/srv/webserver/stromszky/backend/venv/lib/python3.12/site-packages/django/core/exceptions.py first seen with mtime 1733653708.6567008
DEBUG 2024-12-19 10:18:08,518 autoreload File /home/fennyfeins/srv/webserver/stromszky/backend/venv/lib/python3.12/site-packages/django/utils/dateformat.py first seen with mtime 1733653708.726701
DEBUG 2024-12-19 10:18:08,518 autoreload File /home/fennyfeins/srv/webserver/stromszky/backend/venv/lib/python3.12/site-packages/django/contrib/admin/decorators.py first seen with mtime 1733653708.121701
DEBUG 2024-12-19 10:18:08,518 autoreload File /home/fennyfeins/srv/webserver/stromszky/backend/venv/lib/python3.12/site-packages/corsheaders/__init__.py first seen with mtime 1733653769.487667
DEBUG 2024-12-19 10:18:08,518 autoreload File /home/fennyfeins/srv/webserver/stromszky/backend/venv/lib/python3.12/site-packages/django/contrib/staticfiles/apps.py first seen with mtime 1733653708.652701
DEBUG 2024-12-19 10:18:08,518 autoreload File /home/fennyfeins/srv/webserver/stromszky/backend/venv/lib/python3.12/site-packages/django/db/backends/ddl_references.py first seen with mtime 1733653708.673701
DEBUG 2024-12-19 10:18:08,518 autoreload File /home/fennyfeins/srv/webserver/stromszky/backend/venv/lib/python3.12/site-packages/django/contrib/postgres/__init__.py first seen with mtime 1733653708.503701
DEBUG 2024-12-19 10:18:08,518 autoreload File /home/fennyfeins/srv/webserver/stromszky/backend/venv/lib/python3.12/site-packages/rest_framework/utils/json.py first seen with mtime 1733653785.6806464
DEBUG 2024-12-19 10:18:08,518 autoreload File /home/fennyfeins/srv/webserver/stromszky/backend/venv/lib/python3.12/site-packages/MySQLdb/constants/FIELD_TYPE.py first seen with mtime 1733653707.9697008
DEBUG 2024-12-19 10:18:08,518 autoreload File /home/fennyfeins/srv/webserver/stromszky/backend/venv/lib/python3.12/site-packages/django/utils/formats.py first seen with mtime 1733653708.727701
DEBUG 2024-12-19 10:18:08,518 autoreload File /usr/lib/python3.12/asyncio/locks.py first seen with mtime 1730917939.0
DEBUG 2024-12-19 10:18:08,518 autoreload File /home/fennyfeins/srv/webserver/stromszky/backend/venv/lib/python3.12/site-packages/django/db/models/sql/query.py first seen with mtime 1733653708.697701
DEBUG 2024-12-19 10:18:08,518 autoreload File /home/fennyfeins/srv/webserver/stromszky/backend/venv/lib/python3.12/site-packages/rest_framework/negotiation.py first seen with mtime 1733653785.6246464
DEBUG 2024-12-19 10:18:08,518 autoreload File /home/fennyfeins/srv/webserver/stromszky/backend/venv/lib/python3.12/site-packages/django/contrib/messages/utils.py first seen with mtime 1733653708.502701
DEBUG 2024-12-19 10:18:08,518 autoreload File /home/fennyfeins/srv/webserver/stromszky/backend/venv/lib/python3.12/site-packages/django/core/checks/messages.py first seen with mtime 1733653708.6597009
DEBUG 2024-12-19 10:18:08,519 autoreload File /home/fennyfeins/srv/webserver/stromszky/backend/venv/lib/python3.12/site-packages/asgiref/sync.py first seen with mtime 1733653707.9887009
DEBUG 2024-12-19 10:18:08,519 autoreload File /home/fennyfeins/srv/webserver/stromszky/backend/backend/urls.py first seen with mtime 1734597846.1884403
DEBUG 2024-12-19 10:18:08,519 autoreload File /home/fennyfeins/srv/webserver/stromszky/backend/venv/lib/python3.12/site-packages/django/contrib/sessions/apps.py first seen with mtime 1733653708.576701
DEBUG 2024-12-19 10:18:08,519 autoreload File /home/fennyfeins/srv/webserver/stromszky/backend/venv/lib/python3.12/site-packages/rest_framework/utils/html.py first seen with mtime 1733653785.6796465
DEBUG 2024-12-19 10:18:08,519 autoreload File /home/fennyfeins/srv/webserver/stromszky/backend/venv/lib/python3.12/site-packages/django/db/models/functions/datetime.py first seen with mtime 1733653708.694701
DEBUG 2024-12-19 10:18:08,519 autoreload File /usr/lib/python3.12/lib-dynload/_asyncio.cpython-312-x86_64-linux-gnu.so first seen with mtime 1730917939.0
DEBUG 2024-12-19 10:18:08,519 autoreload File /home/fennyfeins/srv/webserver/stromszky/backend/venv/lib/python3.12/site-packages/django/db/models/sql/where.py first seen with mtime 1733653708.697701
DEBUG 2024-12-19 10:18:08,519 autoreload File /home/fennyfeins/srv/webserver/stromszky/backend/venv/lib/python3.12/site-packages/django/contrib/auth/forms.py first seen with mtime 1733653708.2817008
DEBUG 2024-12-19 10:18:08,519 autoreload File /usr/lib/python3.12/operator.py first seen with mtime 1730917939.0
DEBUG 2024-12-19 10:18:08,519 autoreload File /home/fennyfeins/srv/webserver/stromszky/backend/venv/lib/python3.12/site-packages/sqlparse/tokens.py first seen with mtime 1733653707.931701
DEBUG 2024-12-19 10:18:08,519 autoreload File /home/fennyfeins/srv/webserver/stromszky/backend/venv/lib/python3.12/site-packages/django/template/backends/__init__.py first seen with mtime 1733653708.718701
DEBUG 2024-12-19 10:18:08,519 autoreload File /usr/lib/python3.12/email/utils.py first seen with mtime 1730917939.0
DEBUG 2024-12-19 10:18:08,519 autoreload File /usr/lib/python3.12/fnmatch.py first seen with mtime 1730917939.0
DEBUG 2024-12-19 10:18:08,519 autoreload File /home/fennyfeins/srv/webserver/stromszky/backend/venv/lib/python3.12/site-packages/rest_framework/fields.py first seen with mtime 1733653785.6236465
DEBUG 2024-12-19 10:18:08,519 autoreload File /home/fennyfeins/srv/webserver/stromszky/backend/venv/lib/python3.12/site-packages/django/contrib/auth/tokens.py first seen with mtime 1733653708.283701
DEBUG 2024-12-19 10:18:08,519 autoreload File /home/fennyfeins/srv/webserver/stromszky/backend/venv/lib/python3.12/site-packages/django/core/checks/model_checks.py first seen with mtime 1733653708.6597009
DEBUG 2024-12-19 10:18:08,519 autoreload File /home/fennyfeins/srv/webserver/stromszky/backend/venv/lib/python3.12/site-packages/django/db/models/fields/files.py first seen with mtime 1733653708.6927009
DEBUG 2024-12-19 10:18:08,519 autoreload File /home/fennyfeins/srv/webserver/stromszky/backend/venv/lib/python3.12/site-packages/django/urls/conf.py first seen with mtime 1733653708.723701
DEBUG 2024-12-19 10:18:08,519 autoreload File /home/fennyfeins/srv/webserver/stromszky/backend/venv/lib/python3.12/site-packages/rest_framework/renderers.py first seen with mtime 1733653785.6266465
DEBUG 2024-12-19 10:18:08,519 autoreload File /home/fennyfeins/srv/webserver/stromszky/backend/venv/lib/python3.12/site-packages/rest_framework/mixins.py first seen with mtime 1733653785.6246464
DEBUG 2024-12-19 10:18:08,519 autoreload File /usr/lib/python3.12/wsgiref/handlers.py first seen with mtime 1730917939.0
DEBUG 2024-12-19 10:18:08,519 autoreload File /home/fennyfeins/srv/webserver/stromszky/backend/venv/lib/python3.12/site-packages/django/core/files/utils.py first seen with mtime 1733653708.662701
DEBUG 2024-12-19 10:18:08,519 autoreload File /usr/lib/python3.12/dis.py first seen with mtime 1730917939.0
DEBUG 2024-12-19 10:18:08,519 autoreload File /usr/lib/python3.12/urllib/error.py first seen with mtime 1730917939.0
DEBUG 2024-12-19 10:18:08,519 autoreload File /home/fennyfeins/srv/webserver/stromszky/backend/venv/lib/python3.12/site-packages/django/contrib/admindocs/__init__.py first seen with mtime 1733653708.239701
DEBUG 2024-12-19 10:18:08,519 autoreload File /home/fennyfeins/srv/webserver/stromszky/backend/venv/lib/python3.12/site-packages/django/db/models/signals.py first seen with mtime 1733653708.691701
DEBUG 2024-12-19 10:18:08,519 autoreload File /home/fennyfeins/srv/webserver/stromszky/backend/venv/lib/python3.12/site-packages/django/utils/termcolors.py first seen with mtime 1733653708.730701
DEBUG 2024-12-19 10:18:08,519 autoreload File /home/fennyfeins/srv/webserver/stromszky/backend/venv/lib/python3.12/site-packages/sqlparse/sql.py first seen with mtime 1733653707.931701
DEBUG 2024-12-19 10:18:08,519 autoreload File /home/fennyfeins/srv/webserver/stromszky/backend/venv/lib/python3.12/site-packages/django/views/decorators/__init__.py first seen with mtime 1733653708.733701
DEBUG 2024-12-19 10:18:08,519 autoreload File /usr/lib/python3.12/_compression.py first seen with mtime 1730917939.0
DEBUG 2024-12-19 10:18:08,519 autoreload File /home/fennyfeins/srv/webserver/stromszky/backend/venv/lib/python3.12/site-packages/django/forms/fields.py first seen with mtime 1733653708.698701
DEBUG 2024-12-19 10:18:08,519 autoreload File /home/fennyfeins/srv/webserver/stromszky/backend/venv/lib/python3.12/site-packages/django/core/handlers/asgi.py first seen with mtime 1733653708.663701
DEBUG 2024-12-19 10:18:08,519 autoreload File /usr/lib/python3.12/numbers.py first seen with mtime 1730917939.0
DEBUG 2024-12-19 10:18:08,519 autoreload File /home/fennyfeins/srv/webserver/stromszky/backend/venv/lib/python3.12/site-packages/sqlparse/filters/others.py first seen with mtime 1733653707.9327009
DEBUG 2024-12-19 10:18:08,519 autoreload File /home/fennyfeins/srv/webserver/stromszky/backend/venv/lib/python3.12/site-packages/django/contrib/sessions/base_session.py first seen with mtime 1733653708.5777009
DEBUG 2024-12-19 10:18:08,519 autoreload File /usr/lib/python3.12/weakref.py first seen with mtime 1730917939.0
DEBUG 2024-12-19 10:18:08,519 autoreload File /home/fennyfeins/srv/webserver/stromszky/backend/venv/lib/python3.12/site-packages/django/db/migrations/exceptions.py first seen with mtime 1733653708.684701
DEBUG 2024-12-19 10:18:08,519 autoreload File /usr/lib/python3.12/asyncio/base_tasks.py first seen with mtime 1730917939.0
DEBUG 2024-12-19 10:18:08,519 autoreload File /home/fennyfeins/srv/webserver/stromszky/backend/venv/lib/python3.12/site-packages/django/contrib/contenttypes/models.py first seen with mtime 1733653708.333701
DEBUG 2024-12-19 10:18:08,520 autoreload File /home/fennyfeins/srv/webserver/stromszky/backend/venv/lib/python3.12/site-packages/django/contrib/sessions/exceptions.py first seen with mtime 1733653708.5777009
DEBUG 2024-12-19 10:18:08,520 autoreload File /home/fennyfeins/srv/webserver/stromszky/backend/venv/lib/python3.12/site-packages/django/views/__init__.py first seen with mtime 1733653708.732701
DEBUG 2024-12-19 10:18:08,520 autoreload File /usr/lib/python3.12/urllib/__init__.py first seen with mtime 1730917939.0
DEBUG 2024-12-19 10:18:08,520 autoreload File /home/fennyfeins/srv/webserver/stromszky/backend/venv/lib/python3.12/site-packages/django/contrib/admin/sites.py first seen with mtime 1733653708.122701
DEBUG 2024-12-19 10:18:08,520 autoreload File /home/fennyfeins/srv/webserver/stromszky/backend/venv/lib/python3.12/site-packages/django/contrib/admin/models.py first seen with mtime 1733653708.121701
DEBUG 2024-12-19 10:18:08,520 autoreload File /usr/lib/python3.12/html/entities.py first seen with mtime 1730917939.0
DEBUG 2024-12-19 10:18:08,520 autoreload File /home/fennyfeins/srv/webserver/stromszky/backend/api/models.py first seen with mtime 1733469847.8435373
DEBUG 2024-12-19 10:18:08,520 autoreload File /usr/lib/python3.12/reprlib.py first seen with mtime 1730917939.0
DEBUG 2024-12-19 10:18:08,520 autoreload File /usr/lib/python3.12/lib-dynload/_zoneinfo.cpython-312-x86_64-linux-gnu.so first seen with mtime 1730917939.0
DEBUG 2024-12-19 10:18:08,520 autoreload File /home/fennyfeins/srv/webserver/stromszky/backend/venv/lib/python3.12/site-packages/django/contrib/auth/base_user.py first seen with mtime 1733653708.280701
DEBUG 2024-12-19 10:18:08,520 autoreload File /home/fennyfeins/srv/webserver/stromszky/backend/venv/lib/python3.12/site-packages/django/db/models/fields/json.py first seen with mtime 1733653708.6927009
DEBUG 2024-12-19 10:18:08,520 autoreload File /usr/lib/python3.12/wsgiref/__init__.py first seen with mtime 1730917939.0
DEBUG 2024-12-19 10:18:08,520 autoreload File /home/fennyfeins/srv/webserver/stromszky/backend/venv/lib/python3.12/site-packages/django/db/backends/base/features.py first seen with mtime 1733653708.675701
DEBUG 2024-12-19 10:18:08,520 autoreload File /usr/lib/python3.12/secrets.py first seen with mtime 1730917939.0
DEBUG 2024-12-19 10:18:08,520 autoreload File /home/fennyfeins/srv/webserver/stromszky/backend/venv/lib/python3.12/site-packages/rest_framework/apps.py first seen with mtime 1733653785.6216464
DEBUG 2024-12-19 10:18:08,520 autoreload File /home/fennyfeins/srv/webserver/stromszky/backend/venv/lib/python3.12/site-packages/django/db/backends/base/introspection.py first seen with mtime 1733653708.675701
DEBUG 2024-12-19 10:18:08,520 autoreload File /home/fennyfeins/srv/webserver/stromszky/backend/venv/lib/python3.12/site-packages/corsheaders/defaults.py first seen with mtime 1733653769.488667
DEBUG 2024-12-19 10:18:08,520 autoreload File /home/fennyfeins/srv/webserver/stromszky/backend/venv/lib/python3.12/site-packages/django/core/files/uploadhandler.py first seen with mtime 1733653708.662701
DEBUG 2024-12-19 10:18:08,520 autoreload File /usr/lib/python3.12/asyncio/selector_events.py first seen with mtime 1730917939.0
DEBUG 2024-12-19 10:18:08,520 autoreload File /home/fennyfeins/srv/webserver/stromszky/backend/venv/lib/python3.12/site-packages/django/utils/asyncio.py first seen with mtime 1733653708.724701
DEBUG 2024-12-19 10:18:08,520 autoreload File /usr/lib/python3.12/ast.py first seen with mtime 1730917939.0
DEBUG 2024-12-19 10:18:08,520 autoreload File /usr/lib/python3.12/warnings.py first seen with mtime 1730917939.0
DEBUG 2024-12-19 10:18:08,520 autoreload File /home/fennyfeins/srv/webserver/stromszky/backend/venv/lib/python3.12/site-packages/django/contrib/postgres/validators.py first seen with mtime 1733653708.5057008
DEBUG 2024-12-19 10:18:08,520 autoreload File /home/fennyfeins/srv/webserver/stromszky/backend/venv/lib/python3.12/site-packages/django/utils/html.py first seen with mtime 1733653708.7287009
DEBUG 2024-12-19 10:18:08,520 autoreload File /home/fennyfeins/srv/webserver/stromszky/backend/venv/lib/python3.12/site-packages/django/contrib/messages/storage/__init__.py first seen with mtime 1733653708.502701
DEBUG 2024-12-19 10:18:08,520 autoreload File /home/fennyfeins/srv/webserver/stromszky/backend/venv/lib/python3.12/site-packages/rest_framework/utils/humanize_datetime.py first seen with mtime 1733653785.6796465
DEBUG 2024-12-19 10:18:08,520 autoreload File /usr/lib/python3.12/argparse.py first seen with mtime 1730917939.0
DEBUG 2024-12-19 10:18:08,520 autoreload File /home/fennyfeins/srv/webserver/stromszky/backend/venv/lib/python3.12/site-packages/django/templatetags/static.py first seen with mtime 1733653708.720701
DEBUG 2024-12-19 10:18:08,520 autoreload File /home/fennyfeins/srv/webserver/stromszky/backend/venv/lib/python3.12/site-packages/django/contrib/admin/actions.py first seen with mtime 1733653708.1207008
DEBUG 2024-12-19 10:18:08,520 autoreload File /home/fennyfeins/srv/webserver/stromszky/backend/venv/lib/python3.12/site-packages/django/core/cache/__init__.py first seen with mtime 1733653708.657701
DEBUG 2024-12-19 10:18:08,520 autoreload File /home/fennyfeins/srv/webserver/stromszky/backend/venv/lib/python3.12/site-packages/django/core/checks/compatibility/__init__.py first seen with mtime 1733653708.660701
DEBUG 2024-12-19 10:18:08,521 autoreload File /usr/lib/python3.12/inspect.py first seen with mtime 1730917939.0
DEBUG 2024-12-19 10:18:08,521 autoreload File /usr/lib/python3.12/logging/config.py first seen with mtime 1730917939.0
DEBUG 2024-12-19 10:18:08,521 autoreload File /usr/lib/python3.12/zoneinfo/_common.py first seen with mtime 1730917939.0
DEBUG 2024-12-19 10:18:08,521 autoreload File /home/fennyfeins/srv/webserver/stromszky/backend/venv/lib/python3.12/site-packages/django/db/backends/mysql/creation.py first seen with mtime 1733653708.677701
DEBUG 2024-12-19 10:18:08,521 autoreload File /home/fennyfeins/srv/webserver/stromszky/backend/venv/lib/python3.12/site-packages/django/db/migrations/operations/models.py first seen with mtime 1733653708.687701
DEBUG 2024-12-19 10:18:08,521 autoreload File /home/fennyfeins/srv/webserver/stromszky/backend/venv/lib/python3.12/site-packages/django/core/signals.py first seen with mtime 1733653708.6567008
DEBUG 2024-12-19 10:18:08,521 autoreload File /home/fennyfeins/srv/webserver/stromszky/backend/venv/lib/python3.12/site-packages/django/contrib/admin/__init__.py first seen with mtime 1733653708.1207008
DEBUG 2024-12-19 10:18:08,521 autoreload File /home/fennyfeins/srv/webserver/stromszky/backend/venv/lib/python3.12/site-packages/django/db/models/utils.py first seen with mtime 1733653708.691701
DEBUG 2024-12-19 10:18:08,521 autoreload File /home/fennyfeins/srv/webserver/stromszky/backend/venv/lib/python3.12/site-packages/django/views/debug.py first seen with mtime 1733653708.732701
DEBUG 2024-12-19 10:18:08,521 autoreload File /home/fennyfeins/srv/webserver/stromszky/backend/venv/lib/python3.12/site-packages/rest_framework/schemas/utils.py first seen with mtime 1733653785.6546464
DEBUG 2024-12-19 10:18:08,521 autoreload File /home/fennyfeins/srv/webserver/stromszky/backend/venv/lib/python3.12/site-packages/django/core/checks/security/sessions.py first seen with mtime 1733653708.661701
DEBUG 2024-12-19 10:18:08,521 autoreload File /home/fennyfeins/srv/webserver/stromszky/backend/venv/lib/python3.12/site-packages/django/template/smartif.py first seen with mtime 1733653708.718701
DEBUG 2024-12-19 10:18:08,521 autoreload File /home/fennyfeins/srv/webserver/stromszky/backend/venv/lib/python3.12/site-packages/django/db/models/functions/__init__.py first seen with mtime 1733653708.694701
DEBUG 2024-12-19 10:18:08,521 autoreload File /home/fennyfeins/srv/webserver/stromszky/backend/venv/lib/python3.12/site-packages/django/db/backends/base/schema.py first seen with mtime 1733653708.675701
DEBUG 2024-12-19 10:18:08,521 autoreload File /home/fennyfeins/srv/webserver/stromszky/backend/venv/lib/python3.12/site-packages/django/db/models/fields/related_descriptors.py first seen with mtime 1733653708.694701
DEBUG 2024-12-19 10:18:08,521 autoreload File /home/fennyfeins/srv/webserver/stromszky/backend/venv/lib/python3.12/site-packages/django/middleware/security.py first seen with mtime 1733653708.7157009
DEBUG 2024-12-19 10:18:08,521 autoreload File /home/fennyfeins/srv/webserver/stromszky/backend/venv/lib/python3.12/site-packages/rest_framework/utils/breadcrumbs.py first seen with mtime 1733653785.6796465
DEBUG 2024-12-19 10:18:08,521 autoreload File /home/fennyfeins/srv/webserver/stromszky/backend/manage.py first seen with mtime 1733469847.8445373
DEBUG 2024-12-19 10:18:08,521 autoreload File /usr/lib/python3.12/enum.py first seen with mtime 1730917939.0
DEBUG 2024-12-19 10:18:08,521 autoreload File /home/fennyfeins/srv/webserver/stromszky/backend/venv/lib/python3.12/site-packages/django/conf/locale/__init__.py first seen with mtime 1733653708.0387008
DEBUG 2024-12-19 10:18:08,521 autoreload File /home/fennyfeins/srv/webserver/stromszky/backend/venv/lib/python3.12/site-packages/django/contrib/admin/helpers.py first seen with mtime 1733653708.121701
DEBUG 2024-12-19 10:18:08,521 autoreload File /home/fennyfeins/srv/webserver/stromszky/backend/venv/lib/python3.12/site-packages/django/template/loader_tags.py first seen with mtime 1733653708.717701
DEBUG 2024-12-19 10:18:08,521 autoreload File /usr/lib/python3.12/email/_policybase.py first seen with mtime 1730917939.0
DEBUG 2024-12-19 10:18:08,521 autoreload File /home/fennyfeins/srv/webserver/stromszky/backend/venv/lib/python3.12/site-packages/sqlparse/keywords.py first seen with mtime 1733653707.930701
DEBUG 2024-12-19 10:18:08,521 autoreload File /home/fennyfeins/srv/webserver/stromszky/backend/venv/lib/python3.12/site-packages/django/contrib/contenttypes/management/__init__.py first seen with mtime 1733653708.3677008
DEBUG 2024-12-19 10:18:08,521 autoreload File /home/fennyfeins/srv/webserver/stromszky/backend/venv/lib/python3.12/site-packages/django/template/library.py first seen with mtime 1733653708.717701
DEBUG 2024-12-19 10:18:08,521 autoreload File /home/fennyfeins/srv/webserver/stromszky/backend/venv/lib/python3.12/site-packages/django/http/response.py first seen with mtime 1733653708.714701
DEBUG 2024-12-19 10:18:08,521 autoreload File /home/fennyfeins/srv/webserver/stromszky/backend/venv/lib/python3.12/site-packages/django/utils/dateparse.py first seen with mtime 1733653708.726701
DEBUG 2024-12-19 10:18:08,521 autoreload File /usr/lib/python3.12/encodings/__init__.py first seen with mtime 1730917939.0
DEBUG 2024-12-19 10:18:08,521 autoreload File /usr/lib/python3.12/concurrent/__init__.py first seen with mtime 1730917939.0
DEBUG 2024-12-19 10:18:08,521 autoreload File /home/fennyfeins/srv/webserver/stromszky/backend/venv/lib/python3.12/site-packages/django/contrib/admin/views/main.py first seen with mtime 1733653708.2387009
DEBUG 2024-12-19 10:18:08,521 autoreload File /home/fennyfeins/srv/webserver/stromszky/backend/venv/lib/python3.12/site-packages/django/utils/lorem_ipsum.py first seen with mtime 1733653708.729701
DEBUG 2024-12-19 10:18:08,521 autoreload File /home/fennyfeins/srv/webserver/stromszky/backend/venv/lib/python3.12/site-packages/django/contrib/admindocs/utils.py first seen with mtime 1733653708.239701
DEBUG 2024-12-19 10:18:08,521 autoreload File /home/fennyfeins/srv/webserver/stromszky/backend/venv/lib/python3.12/site-packages/django/template/utils.py first seen with mtime 1733653708.718701
DEBUG 2024-12-19 10:18:08,521 autoreload File /home/fennyfeins/srv/webserver/stromszky/backend/venv/lib/python3.12/site-packages/django/db/models/constraints.py first seen with mtime 1733653708.688701
DEBUG 2024-12-19 10:18:08,521 autoreload File /home/fennyfeins/srv/webserver/stromszky/backend/venv/lib/python3.12/site-packages/django/contrib/staticfiles/handlers.py first seen with mtime 1733653708.6537008
DEBUG 2024-12-19 10:18:08,521 autoreload File /usr/lib/python3.12/email/mime/base.py first seen with mtime 1730917939.0
DEBUG 2024-12-19 10:18:08,521 autoreload File /home/fennyfeins/srv/webserver/stromszky/backend/venv/lib/python3.12/site-packages/django/core/__init__.py first seen with mtime 1733653708.655701
DEBUG 2024-12-19 10:18:08,522 autoreload File /home/fennyfeins/srv/webserver/stromszky/backend/venv/lib/python3.12/site-packages/django/forms/__init__.py first seen with mtime 1733653708.698701
DEBUG 2024-12-19 10:18:08,522 autoreload File /usr/lib/python3.12/subprocess.py first seen with mtime 1730917939.0
DEBUG 2024-12-19 10:18:08,522 autoreload File /usr/lib/python3.12/zoneinfo/_tzpath.py first seen with mtime 1730917939.0
DEBUG 2024-12-19 10:18:08,522 autoreload File /home/fennyfeins/srv/webserver/stromszky/backend/venv/lib/python3.12/site-packages/rest_framework/templatetags/rest_framework.py first seen with mtime 1733653785.6786463
DEBUG 2024-12-19 10:18:08,522 autoreload File /home/fennyfeins/srv/webserver/stromszky/backend/venv/lib/python3.12/site-packages/django/contrib/admin/views/decorators.py first seen with mtime 1733653708.2387009
DEBUG 2024-12-19 10:18:08,522 autoreload File /home/fennyfeins/srv/webserver/stromszky/backend/venv/lib/python3.12/site-packages/django/core/files/storage/handler.py first seen with mtime 1733653708.663701
DEBUG 2024-12-19 10:18:08,522 autoreload File /home/fennyfeins/srv/webserver/stromszky/backend/venv/lib/python3.12/site-packages/django/db/backends/mysql/operations.py first seen with mtime 1733653708.677701
DEBUG 2024-12-19 10:18:08,522 autoreload File /usr/lib/python3.12/email/__init__.py first seen with mtime 1730917939.0
DEBUG 2024-12-19 10:18:08,522 autoreload File /home/fennyfeins/srv/webserver/stromszky/backend/venv/lib/python3.12/site-packages/django/views/decorators/csrf.py first seen with mtime 1733653708.733701
DEBUG 2024-12-19 10:18:08,522 autoreload File /home/fennyfeins/srv/webserver/stromszky/backend/venv/lib/python3.12/site-packages/django/core/handlers/base.py first seen with mtime 1733653708.663701
DEBUG 2024-12-19 10:18:08,522 autoreload File /home/fennyfeins/srv/webserver/stromszky/backend/venv/lib/python3.12/site-packages/django/middleware/cache.py first seen with mtime 1733653708.714701
DEBUG 2024-12-19 10:18:08,522 autoreload File /home/fennyfeins/srv/webserver/stromszky/backend/venv/lib/python3.12/site-packages/django/core/files/storage/memory.py first seen with mtime 1733653708.663701
DEBUG 2024-12-19 10:18:08,522 autoreload File /home/fennyfeins/srv/webserver/stromszky/backend/venv/lib/python3.12/site-packages/django/template/engine.py first seen with mtime 1733653708.717701
DEBUG 2024-12-19 10:18:08,522 autoreload File /home/fennyfeins/srv/webserver/stromszky/backend/venv/lib/python3.12/site-packages/django/utils/translation/__init__.py first seen with mtime 1733653708.731701
DEBUG 2024-12-19 10:18:08,522 autoreload File /usr/lib/python3.12/asyncio/queues.py first seen with mtime 1730917939.0
DEBUG 2024-12-19 10:18:08,522 autoreload File /home/fennyfeins/srv/webserver/stromszky/backend/venv/lib/python3.12/site-packages/django/db/backends/mysql/schema.py first seen with mtime 1733653708.678701
DEBUG 2024-12-19 10:18:08,522 autoreload File /home/fennyfeins/srv/webserver/stromszky/backend/venv/lib/python3.12/site-packages/django/utils/text.py first seen with mtime 1733653708.730701
DEBUG 2024-12-19 10:18:08,522 autoreload File /home/fennyfeins/srv/webserver/stromszky/backend/venv/lib/python3.12/site-packages/django/views/decorators/debug.py first seen with mtime 1733653708.733701
DEBUG 2024-12-19 10:18:08,522 autoreload File /usr/lib/python3.12/concurrent/futures/thread.py first seen with mtime 1730917939.0
DEBUG 2024-12-19 10:18:08,522 autoreload File /usr/lib/python3.12/asyncio/trsock.py first seen with mtime 1730917939.0
DEBUG 2024-12-19 10:18:08,522 autoreload File /home/fennyfeins/srv/webserver/stromszky/backend/venv/lib/python3.12/site-packages/django/db/backends/utils.py first seen with mtime 1733653708.674701
DEBUG 2024-12-19 10:18:08,522 autoreload File /usr/lib/python3.12/gzip.py first seen with mtime 1730917939.0
DEBUG 2024-12-19 10:18:08,522 autoreload File /usr/lib/python3.12/http/__init__.py first seen with mtime 1730917939.0
DEBUG 2024-12-19 10:18:08,522 autoreload File /home/fennyfeins/srv/webserver/stromszky/backend/venv/lib/python3.12/site-packages/django/core/management/base.py first seen with mtime 1733653708.6667008
DEBUG 2024-12-19 10:18:08,522 autoreload File /home/fennyfeins/srv/webserver/stromszky/backend/venv/lib/python3.12/site-packages/rest_framework/utils/model_meta.py first seen with mtime 1733653785.6806464
DEBUG 2024-12-19 10:18:08,522 autoreload File /home/fennyfeins/srv/webserver/stromszky/backend/venv/lib/python3.12/site-packages/django/template/loaders/__init__.py first seen with mtime 1733653708.719701
DEBUG 2024-12-19 10:18:08,522 autoreload File /usr/lib/python3.12/re/_parser.py first seen with mtime 1730917939.0
DEBUG 2024-12-19 10:18:08,522 autoreload File /home/fennyfeins/srv/webserver/stromszky/backend/venv/lib/python3.12/site-packages/django/contrib/sites/shortcuts.py first seen with mtime 1733653708.617701
DEBUG 2024-12-19 10:18:08,522 autoreload File /usr/lib/python3.12/tempfile.py first seen with mtime 1730917939.0
DEBUG 2024-12-19 10:18:08,522 autoreload File /home/fennyfeins/srv/webserver/stromszky/backend/venv/lib/python3.12/site-packages/django/forms/widgets.py first seen with mtime 1733653708.700701
DEBUG 2024-12-19 10:18:08,522 autoreload File /home/fennyfeins/srv/webserver/stromszky/backend/venv/lib/python3.12/site-packages/django/core/cache/backends/filebased.py first seen with mtime 1733653708.658701
DEBUG 2024-12-19 10:18:08,522 autoreload File /usr/lib/python3.12/uuid.py first seen with mtime 1730917939.0
DEBUG 2024-12-19 10:18:08,522 autoreload File /home/fennyfeins/srv/webserver/stromszky/backend/venv/lib/python3.12/site-packages/django/utils/numberformat.py first seen with mtime 1733653708.729701
DEBUG 2024-12-19 10:18:08,522 autoreload File /home/fennyfeins/srv/webserver/stromszky/backend/venv/lib/python3.12/site-packages/django/db/models/constants.py first seen with mtime 1733653708.688701
DEBUG 2024-12-19 10:18:08,522 autoreload File /usr/lib/python3.12/email/policy.py first seen with mtime 1730917939.0
DEBUG 2024-12-19 10:18:08,522 autoreload File /usr/lib/python3.12/email/mime/__init__.py first seen with mtime 1730917939.0
DEBUG 2024-12-19 10:18:08,522 autoreload File /home/fennyfeins/srv/webserver/stromszky/backend/venv/lib/python3.12/site-packages/rest_framework/utils/mediatypes.py first seen with mtime 1733653785.6806464
DEBUG 2024-12-19 10:18:08,522 autoreload File /usr/lib/python3.12/html/parser.py first seen with mtime 1730917939.0
DEBUG 2024-12-19 10:18:08,523 autoreload File /home/fennyfeins/srv/webserver/stromszky/backend/venv/lib/python3.12/site-packages/django/db/models/fields/generated.py first seen with mtime 1733653708.6927009
DEBUG 2024-12-19 10:18:08,523 autoreload File /home/fennyfeins/srv/webserver/stromszky/backend/venv/lib/python3.12/site-packages/rest_framework/schemas/generators.py first seen with mtime 1733653785.6536465
DEBUG 2024-12-19 10:18:08,523 autoreload File /home/fennyfeins/srv/webserver/stromszky/backend/venv/lib/python3.12/site-packages/django/core/files/images.py first seen with mtime 1733653708.661701
DEBUG 2024-12-19 10:18:08,523 autoreload File /home/fennyfeins/srv/webserver/stromszky/backend/venv/lib/python3.12/site-packages/django/db/backends/base/base.py first seen with mtime 1733653708.674701
DEBUG 2024-12-19 10:18:08,523 autoreload File /home/fennyfeins/srv/webserver/stromszky/backend/venv/lib/python3.12/site-packages/rest_framework/compat.py first seen with mtime 1733653785.6226466
DEBUG 2024-12-19 10:18:08,523 autoreload File /home/fennyfeins/srv/webserver/stromszky/backend/venv/lib/python3.12/site-packages/django/contrib/auth/management/__init__.py first seen with mtime 1733653708.329701
DEBUG 2024-12-19 10:18:08,523 autoreload File /home/fennyfeins/srv/webserver/stromszky/backend/venv/lib/python3.12/site-packages/django/core/mail/message.py first seen with mtime 1733653708.664701
DEBUG 2024-12-19 10:18:08,523 autoreload File /usr/lib/python3.12/socketserver.py first seen with mtime 1730917939.0
DEBUG 2024-12-19 10:18:08,523 autoreload File /home/fennyfeins/srv/webserver/stromszky/backend/backend/settings.py first seen with mtime 1733669645.4900248
DEBUG 2024-12-19 10:18:08,523 autoreload File /home/fennyfeins/srv/webserver/stromszky/backend/venv/lib/python3.12/site-packages/django/db/models/sql/constants.py first seen with mtime 1733653708.696701
DEBUG 2024-12-19 10:18:08,523 autoreload File /home/fennyfeins/srv/webserver/stromszky/backend/venv/lib/python3.12/site-packages/django/core/files/storage/filesystem.py first seen with mtime 1733653708.662701
DEBUG 2024-12-19 10:18:08,523 autoreload File /usr/lib/python3.12/struct.py first seen with mtime 1730917939.0
DEBUG 2024-12-19 10:18:08,523 autoreload File /home/fennyfeins/srv/webserver/stromszky/backend/venv/lib/python3.12/site-packages/django/dispatch/__init__.py first seen with mtime 1733653708.697701
DEBUG 2024-12-19 10:18:08,523 autoreload File /usr/lib/python3.12/quopri.py first seen with mtime 1730917939.0
DEBUG 2024-12-19 10:18:08,523 autoreload File /home/fennyfeins/srv/webserver/stromszky/backend/venv/lib/python3.12/site-packages/django/db/models/functions/comparison.py first seen with mtime 1733653708.694701
DEBUG 2024-12-19 10:18:08,523 autoreload File /usr/lib/python3.12/contextvars.py first seen with mtime 1730917939.0
DEBUG 2024-12-19 10:18:08,523 autoreload File /usr/lib/python3.12/wsgiref/simple_server.py first seen with mtime 1730917939.0
DEBUG 2024-12-19 10:18:08,523 autoreload File /home/fennyfeins/srv/webserver/stromszky/backend/venv/lib/python3.12/site-packages/corsheaders/apps.py first seen with mtime 1733653769.487667
DEBUG 2024-12-19 10:18:08,523 autoreload File /home/fennyfeins/srv/webserver/stromszky/backend/venv/lib/python3.12/site-packages/django/db/backends/mysql/features.py first seen with mtime 1733653708.677701
DEBUG 2024-12-19 10:18:08,523 autoreload File /home/fennyfeins/srv/webserver/stromszky/backend/venv/lib/python3.12/site-packages/corsheaders/middleware.py first seen with mtime 1733653769.488667
DEBUG 2024-12-19 10:18:08,523 autoreload File /usr/lib/python3.12/copyreg.py first seen with mtime 1730917939.0
DEBUG 2024-12-19 10:18:08,523 autoreload File /usr/lib/python3.12/asyncio/base_subprocess.py first seen with mtime 1730917939.0
DEBUG 2024-12-19 10:18:08,523 autoreload File /home/fennyfeins/srv/webserver/stromszky/backend/venv/lib/python3.12/site-packages/django/contrib/auth/password_validation.py first seen with mtime 1733653708.282701
DEBUG 2024-12-19 10:18:08,523 autoreload File /home/fennyfeins/srv/webserver/stromszky/backend/venv/lib/python3.12/site-packages/django/contrib/staticfiles/views.py first seen with mtime 1733653708.654701
DEBUG 2024-12-19 10:18:08,523 autoreload File /usr/lib/python3.12/gettext.py first seen with mtime 1730917939.0
DEBUG 2024-12-19 10:18:08,523 autoreload File /usr/lib/python3.12/importlib/__init__.py first seen with mtime 1730917939.0
DEBUG 2024-12-19 10:18:08,523 autoreload File /home/fennyfeins/srv/webserver/stromszky/backend/venv/lib/python3.12/site-packages/django/contrib/postgres/forms/array.py first seen with mtime 1733653708.5087008
DEBUG 2024-12-19 10:18:08,523 autoreload File /home/fennyfeins/srv/webserver/stromszky/backend/venv/lib/python3.12/site-packages/MySQLdb/_mysql.cpython-312-x86_64-linux-gnu.so first seen with mtime 1733653707.968701
DEBUG 2024-12-19 10:18:08,523 autoreload File /usr/lib/python3.12/functools.py first seen with mtime 1730917939.0
DEBUG 2024-12-19 10:18:08,523 autoreload File /home/fennyfeins/srv/webserver/stromszky/backend/venv/lib/python3.12/site-packages/django/contrib/contenttypes/apps.py first seen with mtime 1733653708.332701
DEBUG 2024-12-19 10:18:08,523 autoreload File /home/fennyfeins/srv/webserver/stromszky/backend/venv/lib/python3.12/site-packages/django/utils/connection.py first seen with mtime 1733653708.7257009
DEBUG 2024-12-19 10:18:08,523 autoreload File /home/fennyfeins/srv/webserver/stromszky/backend/venv/lib/python3.12/site-packages/django/contrib/contenttypes/views.py first seen with mtime 1733653708.333701
DEBUG 2024-12-19 10:18:08,523 autoreload File /usr/lib/python3.12/pickle.py first seen with mtime 1730917939.0
DEBUG 2024-12-19 10:18:08,523 autoreload File /home/fennyfeins/srv/webserver/stromszky/backend/venv/lib/python3.12/site-packages/django/core/files/storage/mixins.py first seen with mtime 1733653708.663701
DEBUG 2024-12-19 10:18:08,523 autoreload File /home/fennyfeins/srv/webserver/stromszky/backend/venv/lib/python3.12/site-packages/MySQLdb/release.py first seen with mtime 1733653707.968701
DEBUG 2024-12-19 10:18:08,523 autoreload File /home/fennyfeins/srv/webserver/stromszky/backend/venv/lib/python3.12/site-packages/django/core/files/temp.py first seen with mtime 1733653708.661701
DEBUG 2024-12-19 10:18:08,523 autoreload File /home/fennyfeins/srv/webserver/stromszky/backend/venv/lib/python3.12/site-packages/django/views/generic/detail.py first seen with mtime 1733653708.7357008
DEBUG 2024-12-19 10:18:08,523 autoreload File /usr/lib/python3.12/linecache.py first seen with mtime 1730917939.0
DEBUG 2024-12-19 10:18:08,523 autoreload File /home/fennyfeins/srv/webserver/stromszky/backend/api/views.py first seen with mtime 1733469847.8445373
DEBUG 2024-12-19 10:18:08,524 autoreload File /home/fennyfeins/srv/webserver/stromszky/backend/venv/lib/python3.12/site-packages/django/utils/timesince.py first seen with mtime 1733653708.730701
DEBUG 2024-12-19 10:18:08,524 autoreload File /home/fennyfeins/srv/webserver/stromszky/backend/venv/lib/python3.12/site-packages/django/http/multipartparser.py first seen with mtime 1733653708.713701
DEBUG 2024-12-19 10:18:08,524 autoreload File /home/fennyfeins/srv/webserver/stromszky/backend/venv/lib/python3.12/site-packages/django/utils/choices.py first seen with mtime 1733653708.7257009
DEBUG 2024-12-19 10:18:08,524 autoreload File /home/fennyfeins/srv/webserver/stromszky/backend/venv/lib/python3.12/site-packages/django/core/checks/translation.py first seen with mtime 1733653708.6597009
DEBUG 2024-12-19 10:18:08,524 autoreload File /home/fennyfeins/srv/webserver/stromszky/backend/venv/lib/python3.12/site-packages/django/utils/http.py first seen with mtime 1733653708.7287009
DEBUG 2024-12-19 10:18:08,524 autoreload File /home/fennyfeins/srv/webserver/stromszky/backend/venv/lib/python3.12/site-packages/django/apps/__init__.py first seen with mtime 1733653708.036701
DEBUG 2024-12-19 10:18:08,524 autoreload File /home/fennyfeins/srv/webserver/stromszky/backend/venv/lib/python3.12/site-packages/django/utils/ipv6.py first seen with mtime 1733653708.7287009
DEBUG 2024-12-19 10:18:08,524 autoreload File /usr/lib/python3.12/urllib/parse.py first seen with mtime 1730917939.0
DEBUG 2024-12-19 10:18:08,524 autoreload File /usr/lib/python3.12/email/encoders.py first seen with mtime 1730917939.0
DEBUG 2024-12-19 10:18:08,524 autoreload File /home/fennyfeins/srv/webserver/stromszky/backend/venv/lib/python3.12/site-packages/MySQLdb/_exceptions.py first seen with mtime 1733653707.9667008
DEBUG 2024-12-19 10:18:08,524 autoreload File /home/fennyfeins/srv/webserver/stromszky/backend/venv/lib/python3.12/site-packages/rest_framework/authentication.py first seen with mtime 1733653785.6216464
DEBUG 2024-12-19 10:18:08,524 autoreload File /home/fennyfeins/srv/webserver/stromszky/backend/venv/lib/python3.12/site-packages/django/core/checks/compatibility/django_4_0.py first seen with mtime 1733653708.660701
DEBUG 2024-12-19 10:18:08,524 autoreload File /home/fennyfeins/srv/webserver/stromszky/backend/venv/lib/python3.12/site-packages/rest_framework/utils/timezone.py first seen with mtime 1733653785.6806464
DEBUG 2024-12-19 10:18:08,524 autoreload File /home/fennyfeins/srv/webserver/stromszky/backend/venv/lib/python3.12/site-packages/django/core/checks/security/csrf.py first seen with mtime 1733653708.660701
DEBUG 2024-12-19 10:18:08,524 autoreload File /home/fennyfeins/srv/webserver/stromszky/backend/venv/lib/python3.12/site-packages/django/contrib/staticfiles/__init__.py first seen with mtime 1733653708.652701
DEBUG 2024-12-19 10:18:08,524 autoreload File /home/fennyfeins/srv/webserver/stromszky/backend/venv/lib/python3.12/site-packages/django/urls/base.py first seen with mtime 1733653708.723701
DEBUG 2024-12-19 10:18:08,524 autoreload File /home/fennyfeins/srv/webserver/stromszky/backend/venv/lib/python3.12/site-packages/django/db/migrations/operations/special.py first seen with mtime 1733653708.687701
DEBUG 2024-12-19 10:18:08,524 autoreload File /home/fennyfeins/srv/webserver/stromszky/backend/venv/lib/python3.12/site-packages/django/core/files/__init__.py first seen with mtime 1733653708.661701
DEBUG 2024-12-19 10:18:08,524 autoreload File /home/fennyfeins/srv/webserver/stromszky/backend/venv/lib/python3.12/site-packages/django/contrib/staticfiles/management/commands/__init__.py first seen with mtime 1733653708.654701
DEBUG 2024-12-19 10:18:08,524 autoreload File /home/fennyfeins/srv/webserver/stromszky/backend/venv/lib/python3.12/site-packages/django/db/models/fields/proxy.py first seen with mtime 1733653708.693701
DEBUG 2024-12-19 10:18:08,524 autoreload File /home/fennyfeins/srv/webserver/stromszky/backend/venv/lib/python3.12/site-packages/sqlparse/formatter.py first seen with mtime 1733653707.930701
DEBUG 2024-12-19 10:18:08,524 autoreload File /home/fennyfeins/srv/webserver/stromszky/backend/venv/lib/python3.12/site-packages/django/core/handlers/wsgi.py first seen with mtime 1733653708.664701
DEBUG 2024-12-19 10:18:08,524 autoreload File /usr/lib/python3.12/json/encoder.py first seen with mtime 1730917939.0
DEBUG 2024-12-19 10:18:08,524 autoreload File /usr/lib/python3.12/string.py first seen with mtime 1730917939.0
DEBUG 2024-12-19 10:18:08,524 autoreload File /home/fennyfeins/srv/webserver/stromszky/backend/venv/lib/python3.12/site-packages/django/db/migrations/migration.py first seen with mtime 1733653708.685701
DEBUG 2024-12-19 10:18:08,524 autoreload File /home/fennyfeins/srv/webserver/stromszky/backend/venv/lib/python3.12/site-packages/django/contrib/contenttypes/admin.py first seen with mtime 1733653708.332701
DEBUG 2024-12-19 10:18:08,524 autoreload File /usr/lib/python3.12/asyncio/unix_events.py first seen with mtime 1730917939.0
DEBUG 2024-12-19 10:18:08,524 autoreload File /usr/lib/python3.12/sysconfig.py first seen with mtime 1730917939.0
DEBUG 2024-12-19 10:18:08,524 autoreload File /usr/lib/python3.12/lib-dynload/_decimal.cpython-312-x86_64-linux-gnu.so first seen with mtime 1730917939.0
DEBUG 2024-12-19 10:18:08,524 autoreload File /home/fennyfeins/srv/webserver/stromszky/backend/venv/lib/python3.12/site-packages/django/db/backends/__init__.py first seen with mtime 1733653708.673701
DEBUG 2024-12-19 10:18:08,524 autoreload File /home/fennyfeins/srv/webserver/stromszky/backend/venv/lib/python3.12/site-packages/django/utils/deconstruct.py first seen with mtime 1733653708.726701
DEBUG 2024-12-19 10:18:08,524 autoreload File /usr/lib/python3.12/asyncio/tasks.py first seen with mtime 1730917939.0
DEBUG 2024-12-19 10:18:08,524 autoreload File /home/fennyfeins/srv/webserver/stromszky/backend/venv/lib/python3.12/site-packages/django/db/backends/mysql/client.py first seen with mtime 1733653708.677701
DEBUG 2024-12-19 10:18:08,524 autoreload File /home/fennyfeins/srv/webserver/stromszky/backend/venv/lib/python3.12/site-packages/django/core/mail/utils.py first seen with mtime 1733653708.664701
DEBUG 2024-12-19 10:18:08,524 autoreload File /home/fennyfeins/srv/webserver/stromszky/backend/venv/lib/python3.12/site-packages/django/contrib/contenttypes/forms.py first seen with mtime 1733653708.333701
DEBUG 2024-12-19 10:18:08,524 autoreload File /usr/lib/python3.12/email/mime/message.py first seen with mtime 1730917939.0
DEBUG 2024-12-19 10:18:08,524 autoreload File /home/fennyfeins/srv/webserver/stromszky/backend/venv/lib/python3.12/site-packages/django/contrib/sessions/backends/base.py first seen with mtime 1733653708.5777009
DEBUG 2024-12-19 10:18:08,525 autoreload File /home/fennyfeins/srv/webserver/stromszky/backend/venv/lib/python3.12/site-packages/django/template/__init__.py first seen with mtime 1733653708.7157009
DEBUG 2024-12-19 10:18:08,525 autoreload File /home/fennyfeins/srv/webserver/stromszky/backend/venv/lib/python3.12/site-packages/django/core/paginator.py first seen with mtime 1733653708.6567008
DEBUG 2024-12-19 10:18:08,525 autoreload File /home/fennyfeins/srv/webserver/stromszky/backend/venv/lib/python3.12/site-packages/rest_framework/views.py first seen with mtime 1733653785.6296465
DEBUG 2024-12-19 10:18:08,525 autoreload File /usr/lib/python3.12/email/feedparser.py first seen with mtime 1730917939.0
DEBUG 2024-12-19 10:18:08,525 autoreload File /usr/lib/python3.12/difflib.py first seen with mtime 1730917939.0
DEBUG 2024-12-19 10:18:08,525 autoreload File /home/fennyfeins/srv/webserver/stromszky/backend/venv/lib/python3.12/site-packages/django/contrib/admin/templatetags/admin_list.py first seen with mtime 1733653708.237701
DEBUG 2024-12-19 10:18:08,525 autoreload File /home/fennyfeins/srv/webserver/stromszky/backend/venv/lib/python3.12/site-packages/django/core/serializers/json.py first seen with mtime 1733653708.671701
DEBUG 2024-12-19 10:18:08,525 autoreload File /usr/lib/python3.12/typing.py first seen with mtime 1730917939.0
DEBUG 2024-12-19 10:18:08,525 autoreload File /home/fennyfeins/srv/webserver/stromszky/backend/venv/lib/python3.12/site-packages/django/middleware/csrf.py first seen with mtime 1733653708.714701
DEBUG 2024-12-19 10:18:08,525 autoreload File /usr/lib/python3.12/asyncio/events.py first seen with mtime 1730917939.0
DEBUG 2024-12-19 10:18:08,525 autoreload File /home/fennyfeins/srv/webserver/stromszky/backend/venv/lib/python3.12/site-packages/rest_framework/relations.py first seen with mtime 1733653785.6256466
DEBUG 2024-12-19 10:18:08,525 autoreload File /home/fennyfeins/srv/webserver/stromszky/backend/venv/lib/python3.12/site-packages/asgiref/current_thread_executor.py first seen with mtime 1733653707.987701
DEBUG 2024-12-19 10:18:08,525 autoreload File /home/fennyfeins/srv/webserver/stromszky/backend/venv/lib/python3.12/site-packages/django/contrib/auth/middleware.py first seen with mtime 1733653708.282701
DEBUG 2024-12-19 10:18:08,525 autoreload File /home/fennyfeins/srv/webserver/stromszky/backend/venv/lib/python3.12/site-packages/django/db/migrations/__init__.py first seen with mtime 1733653708.683701
DEBUG 2024-12-19 10:18:08,525 autoreload File /home/fennyfeins/srv/webserver/stromszky/backend/venv/lib/python3.12/site-packages/django/utils/log.py first seen with mtime 1733653708.729701
DEBUG 2024-12-19 10:18:08,525 autoreload File /usr/lib/python3.12/asyncio/log.py first seen with mtime 1730917939.0
DEBUG 2024-12-19 10:18:08,525 autoreload File /home/fennyfeins/srv/webserver/stromszky/backend/venv/lib/python3.12/site-packages/django/db/models/options.py first seen with mtime 1733653708.690701
DEBUG 2024-12-19 10:18:08,525 autoreload File /home/fennyfeins/srv/webserver/stromszky/backend/venv/lib/python3.12/site-packages/django/contrib/staticfiles/finders.py first seen with mtime 1733653708.6537008
DEBUG 2024-12-19 10:18:08,525 autoreload File /usr/lib/python3.12/_sysconfigdata__x86_64-linux-gnu.py first seen with mtime 1730917939.0
DEBUG 2024-12-19 10:18:08,525 autoreload File /home/fennyfeins/srv/webserver/stromszky/backend/venv/lib/python3.12/site-packages/django/urls/resolvers.py first seen with mtime 1733653708.724701
DEBUG 2024-12-19 10:18:08,525 autoreload File /home/fennyfeins/srv/webserver/stromszky/backend/venv/lib/python3.12/site-packages/corsheaders/conf.py first seen with mtime 1733653769.488667
DEBUG 2024-12-19 10:18:08,525 autoreload File /home/fennyfeins/srv/webserver/stromszky/backend/venv/lib/python3.12/site-packages/django/contrib/sites/__init__.py first seen with mtime 1733653708.615701
DEBUG 2024-12-19 10:18:08,525 autoreload File /usr/lib/python3.12/lib-dynload/_lzma.cpython-312-x86_64-linux-gnu.so first seen with mtime 1730917939.0
DEBUG 2024-12-19 10:18:08,525 autoreload File /home/fennyfeins/srv/webserver/stromszky/backend/venv/lib/python3.12/site-packages/django/template/loader.py first seen with mtime 1733653708.717701
DEBUG 2024-12-19 10:18:08,525 autoreload File /usr/lib/python3.12/asyncio/sslproto.py first seen with mtime 1730917939.0
DEBUG 2024-12-19 10:18:08,525 autoreload File /home/fennyfeins/srv/webserver/stromszky/backend/venv/lib/python3.12/site-packages/django/utils/_os.py first seen with mtime 1733653708.724701
DEBUG 2024-12-19 10:18:08,525 autoreload File /home/fennyfeins/srv/webserver/stromszky/backend/venv/lib/python3.12/site-packages/django/contrib/admindocs/views.py first seen with mtime 1733653708.239701
DEBUG 2024-12-19 10:18:08,525 autoreload File /usr/lib/python3.12/email/_encoded_words.py first seen with mtime 1730917939.0
DEBUG 2024-12-19 10:18:08,525 autoreload File /home/fennyfeins/srv/webserver/stromszky/backend/venv/lib/python3.12/site-packages/django/contrib/messages/apps.py first seen with mtime 1733653708.5017009
DEBUG 2024-12-19 10:18:08,526 autoreload File /usr/lib/python3.12/pathlib.py first seen with mtime 1730917939.0
DEBUG 2024-12-19 10:18:08,526 autoreload File /home/fennyfeins/srv/webserver/stromszky/backend/venv/lib/python3.12/site-packages/django/template/response.py first seen with mtime 1733653708.718701
DEBUG 2024-12-19 10:18:08,526 autoreload File /home/fennyfeins/srv/webserver/stromszky/backend/venv/lib/python3.12/site-packages/django/db/backends/postgresql/__init__.py first seen with mtime 1733653708.680701
DEBUG 2024-12-19 10:18:08,526 autoreload File /usr/lib/python3.12/importlib/_abc.py first seen with mtime 1730917939.0
DEBUG 2024-12-19 10:18:08,526 autoreload File /home/fennyfeins/srv/webserver/stromszky/backend/venv/lib/python3.12/site-packages/django/apps/config.py first seen with mtime 1733653708.036701
DEBUG 2024-12-19 10:18:08,526 autoreload File /home/fennyfeins/srv/webserver/stromszky/backend/venv/lib/python3.12/site-packages/sqlparse/lexer.py first seen with mtime 1733653707.930701
DEBUG 2024-12-19 10:18:08,526 autoreload File /home/fennyfeins/srv/webserver/stromszky/backend/venv/lib/python3.12/site-packages/django/template/backends/base.py first seen with mtime 1733653708.718701
DEBUG 2024-12-19 10:18:08,526 autoreload File /home/fennyfeins/srv/webserver/stromszky/backend/venv/lib/python3.12/site-packages/rest_framework/schemas/openapi.py first seen with mtime 1733653785.6536465
DEBUG 2024-12-19 10:18:08,526 autoreload File /home/fennyfeins/srv/webserver/stromszky/backend/venv/lib/python3.12/site-packages/django/db/models/functions/math.py first seen with mtime 1733653708.695701
DEBUG 2024-12-19 10:18:08,526 autoreload File /home/fennyfeins/srv/webserver/stromszky/backend/venv/lib/python3.12/site-packages/django/core/files/uploadedfile.py first seen with mtime 1733653708.662701
DEBUG 2024-12-19 10:18:08,526 autoreload File /home/fennyfeins/srv/webserver/stromszky/backend/venv/lib/python3.12/site-packages/django/views/i18n.py first seen with mtime 1733653708.732701
DEBUG 2024-12-19 10:18:08,526 autoreload File /usr/lib/python3.12/getpass.py first seen with mtime 1730917939.0
DEBUG 2024-12-19 10:18:08,526 autoreload File /home/fennyfeins/srv/webserver/stromszky/backend/venv/lib/python3.12/site-packages/django/contrib/staticfiles/management/__init__.py first seen with mtime 1733653708.654701
DEBUG 2024-12-19 10:18:08,526 autoreload File /home/fennyfeins/srv/webserver/stromszky/backend/venv/lib/python3.12/site-packages/django/contrib/staticfiles/utils.py first seen with mtime 1733653708.654701
DEBUG 2024-12-19 10:18:08,526 autoreload File /home/fennyfeins/srv/webserver/stromszky/backend/venv/lib/python3.12/site-packages/django/db/migrations/operations/base.py first seen with mtime 1733653708.686701
DEBUG 2024-12-19 10:18:08,526 autoreload File /usr/lib/python3.12/asyncio/exceptions.py first seen with mtime 1730917939.0
DEBUG 2024-12-19 10:18:08,526 autoreload File /home/fennyfeins/srv/webserver/stromszky/backend/venv/lib/python3.12/site-packages/django/utils/datastructures.py first seen with mtime 1733653708.7257009
DEBUG 2024-12-19 10:18:08,526 autoreload File /usr/lib/python3.12/urllib/response.py first seen with mtime 1730917939.0
DEBUG 2024-12-19 10:18:08,526 autoreload File /home/fennyfeins/srv/webserver/stromszky/backend/venv/lib/python3.12/site-packages/django/utils/dates.py first seen with mtime 1733653708.726701
DEBUG 2024-12-19 10:18:08,526 autoreload File /usr/lib/python3.12/json/decoder.py first seen with mtime 1730917939.0
DEBUG 2024-12-19 10:18:08,526 autoreload File /usr/lib/python3.12/asyncio/base_futures.py first seen with mtime 1730917939.0
DEBUG 2024-12-19 10:18:08,526 autoreload File /usr/lib/python3.12/http/cookies.py first seen with mtime 1730917939.0
DEBUG 2024-12-19 10:18:08,526 autoreload File /home/fennyfeins/srv/webserver/stromszky/backend/venv/lib/python3.12/site-packages/django/core/servers/__init__.py first seen with mtime 1733653708.672701
DEBUG 2024-12-19 10:18:08,526 autoreload File /usr/lib/python3.12/zoneinfo/__init__.py first seen with mtime 1730917939.0
DEBUG 2024-12-19 10:18:08,526 autoreload File /home/fennyfeins/srv/webserver/stromszky/backend/venv/lib/python3.12/site-packages/rest_framework/utils/__init__.py first seen with mtime 1733653785.6786463
DEBUG 2024-12-19 10:18:08,526 autoreload File /home/fennyfeins/srv/webserver/stromszky/backend/venv/lib/python3.12/site-packages/django/core/serializers/__init__.py first seen with mtime 1733653708.671701
DEBUG 2024-12-19 10:18:08,527 autoreload File /usr/lib/python3.12/lib-dynload/_hashlib.cpython-312-x86_64-linux-gnu.so first seen with mtime 1730917939.0
DEBUG 2024-12-19 10:18:08,527 autoreload File /home/fennyfeins/srv/webserver/stromszky/backend/venv/lib/python3.12/site-packages/django/db/models/query_utils.py first seen with mtime 1733653708.691701
DEBUG 2024-12-19 10:18:08,527 autoreload File /home/fennyfeins/srv/webserver/stromszky/backend/venv/lib/python3.12/site-packages/django/forms/forms.py first seen with mtime 1733653708.6997008
DEBUG 2024-12-19 10:18:08,527 autoreload File /home/fennyfeins/srv/webserver/stromszky/backend/venv/lib/python3.12/site-packages/sqlparse/filters/aligned_indent.py first seen with mtime 1733653707.9327009
DEBUG 2024-12-19 10:18:08,527 autoreload File /usr/lib/python3.12/lib-dynload/_contextvars.cpython-312-x86_64-linux-gnu.so first seen with mtime 1730917939.0
DEBUG 2024-12-19 10:18:08,527 autoreload File /usr/lib/python3.12/email/_header_value_parser.py first seen with mtime 1730917939.0
DEBUG 2024-12-19 10:18:08,527 autoreload File /home/fennyfeins/srv/webserver/stromszky/backend/venv/lib/python3.12/site-packages/django/db/migrations/operations/__init__.py first seen with mtime 1733653708.686701
DEBUG 2024-12-19 10:18:08,527 autoreload File /usr/lib/python3.12/email/contentmanager.py first seen with mtime 1730917939.0
DEBUG 2024-12-19 10:18:08,527 autoreload File /etc/python3.12/sitecustomize.py first seen with mtime 1712727227.0
DEBUG 2024-12-19 10:18:08,527 autoreload File /usr/lib/python3.12/http/client.py first seen with mtime 1730917939.0
DEBUG 2024-12-19 10:18:08,527 autoreload File /home/fennyfeins/srv/webserver/stromszky/backend/venv/lib/python3.12/site-packages/django/contrib/auth/hashers.py first seen with mtime 1733653708.282701
DEBUG 2024-12-19 10:18:08,527 autoreload File /usr/lib/python3.12/shutil.py first seen with mtime 1730917939.0
DEBUG 2024-12-19 10:18:08,527 autoreload File /home/fennyfeins/srv/webserver/stromszky/backend/venv/lib/python3.12/site-packages/django/template/base.py first seen with mtime 1733653708.716701
DEBUG 2024-12-19 10:18:08,527 autoreload File /usr/lib/python3.12/email/message.py first seen with mtime 1730917939.0
DEBUG 2024-12-19 10:18:08,527 autoreload File /home/fennyfeins/srv/webserver/stromszky/backend/venv/lib/python3.12/site-packages/django/core/management/color.py first seen with mtime 1733653708.6667008
DEBUG 2024-12-19 10:18:08,527 autoreload File /home/fennyfeins/srv/webserver/stromszky/backend/venv/lib/python3.12/site-packages/django/db/models/fields/__init__.py first seen with mtime 1733653708.6927009
DEBUG 2024-12-19 10:18:08,527 autoreload File /usr/lib/python3.12/_markupbase.py first seen with mtime 1730917939.0
DEBUG 2024-12-19 10:18:08,527 autoreload File /home/fennyfeins/srv/webserver/stromszky/backend/venv/lib/python3.12/site-packages/django/contrib/postgres/forms/hstore.py first seen with mtime 1733653708.5087008
DEBUG 2024-12-19 10:18:08,527 autoreload File /usr/lib/python3.12/datetime.py first seen with mtime 1730917939.0
DEBUG 2024-12-19 10:18:08,527 autoreload File /usr/lib/python3.12/dataclasses.py first seen with mtime 1730917939.0
DEBUG 2024-12-19 10:18:08,527 autoreload File /home/fennyfeins/srv/webserver/stromszky/backend/venv/lib/python3.12/site-packages/django/contrib/contenttypes/checks.py first seen with mtime 1733653708.332701
DEBUG 2024-12-19 10:18:08,527 autoreload File /usr/lib/python3.12/queue.py first seen with mtime 1730917939.0
DEBUG 2024-12-19 10:18:08,527 autoreload File /usr/lib/python3.12/socket.py first seen with mtime 1730917939.0
DEBUG 2024-12-19 10:18:08,527 autoreload File /home/fennyfeins/srv/webserver/stromszky/backend/venv/lib/python3.12/site-packages/rest_framework/checks.py first seen with mtime 1733653785.6216464
DEBUG 2024-12-19 10:18:08,527 autoreload File /usr/lib/python3.12/email/generator.py first seen with mtime 1730917939.0
DEBUG 2024-12-19 10:18:08,527 autoreload File /home/fennyfeins/srv/webserver/stromszky/backend/venv/lib/python3.12/site-packages/django/template/backends/django.py first seen with mtime 1733653708.718701
DEBUG 2024-12-19 10:18:08,527 autoreload File /home/fennyfeins/srv/webserver/stromszky/backend/venv/lib/python3.12/site-packages/django/contrib/admin/views/__init__.py first seen with mtime 1733653708.2387009
DEBUG 2024-12-19 10:18:08,527 autoreload File /home/fennyfeins/srv/webserver/stromszky/backend/venv/lib/python3.12/site-packages/django/core/files/locks.py first seen with mtime 1733653708.661701
DEBUG 2024-12-19 10:18:08,527 autoreload File /home/fennyfeins/srv/webserver/stromszky/backend/venv/lib/python3.12/site-packages/django/db/models/aggregates.py first seen with mtime 1733653708.687701
DEBUG 2024-12-19 10:18:08,527 autoreload File /home/fennyfeins/srv/webserver/stromszky/backend/venv/lib/python3.12/site-packages/sqlparse/engine/__init__.py first seen with mtime 1733653707.931701
DEBUG 2024-12-19 10:18:08,527 autoreload File /home/fennyfeins/srv/webserver/stromszky/backend/venv/lib/python3.12/site-packages/rest_framework/decorators.py first seen with mtime 1733653785.6226466
DEBUG 2024-12-19 10:18:08,527 autoreload File /home/fennyfeins/srv/webserver/stromszky/backend/venv/lib/python3.12/site-packages/rest_framework/utils/representation.py first seen with mtime 1733653785.6806464
DEBUG 2024-12-19 10:18:08,527 autoreload File /usr/lib/python3.12/wsgiref/headers.py first seen with mtime 1730917939.0
DEBUG 2024-12-19 10:18:08,527 autoreload File /usr/lib/python3.12/re/__init__.py first seen with mtime 1730917939.0
DEBUG 2024-12-19 10:18:08,527 autoreload File /home/fennyfeins/srv/webserver/stromszky/backend/venv/lib/python3.12/site-packages/django/db/models/functions/window.py first seen with mtime 1733653708.695701
DEBUG 2024-12-19 10:18:08,527 autoreload File /home/fennyfeins/srv/webserver/stromszky/backend/venv/lib/python3.12/site-packages/django/contrib/admin/filters.py first seen with mtime 1733653708.121701
DEBUG 2024-12-19 10:18:08,527 autoreload File /home/fennyfeins/srv/webserver/stromszky/backend/venv/lib/python3.12/site-packages/django/db/backends/base/operations.py first seen with mtime 1733653708.675701
DEBUG 2024-12-19 10:18:08,527 autoreload File /usr/lib/python3.12/email/mime/nonmultipart.py first seen with mtime 1730917939.0
DEBUG 2024-12-19 10:18:08,527 autoreload File /home/fennyfeins/srv/webserver/stromszky/backend/venv/lib/python3.12/site-packages/django/contrib/sessions/middleware.py first seen with mtime 1733653708.5777009
DEBUG 2024-12-19 10:18:08,527 autoreload File /home/fennyfeins/srv/webserver/stromszky/backend/venv/lib/python3.12/site-packages/rest_framework/exceptions.py first seen with mtime 1733653785.6226466
DEBUG 2024-12-19 10:18:08,528 autoreload File /usr/lib/python3.12/re/_constants.py first seen with mtime 1730917939.0
DEBUG 2024-12-19 10:18:08,528 autoreload File /usr/lib/python3.12/calendar.py first seen with mtime 1730917939.0
DEBUG 2024-12-19 10:18:08,528 autoreload File /home/fennyfeins/srv/webserver/stromszky/backend/venv/lib/python3.12/site-packages/django/db/models/fields/reverse_related.py first seen with mtime 1733653708.694701
DEBUG 2024-12-19 10:18:08,528 autoreload File /home/fennyfeins/srv/webserver/stromszky/backend/venv/lib/python3.12/site-packages/django/contrib/auth/signals.py first seen with mtime 1733653708.283701
DEBUG 2024-12-19 10:18:08,528 autoreload File /home/fennyfeins/srv/webserver/stromszky/backend/venv/lib/python3.12/site-packages/django/views/generic/list.py first seen with mtime 1733653708.7357008
DEBUG 2024-12-19 10:18:08,528 autoreload File /home/fennyfeins/srv/webserver/stromszky/backend/venv/lib/python3.12/site-packages/django/db/models/deletion.py first seen with mtime 1733653708.6897008
DEBUG 2024-12-19 10:18:08,528 autoreload File /usr/lib/python3.12/threading.py first seen with mtime 1730917939.0
DEBUG 2024-12-19 10:18:08,528 autoreload File /home/fennyfeins/srv/webserver/stromszky/backend/venv/lib/python3.12/site-packages/django/db/models/enums.py first seen with mtime 1733653708.6897008
DEBUG 2024-12-19 10:18:08,528 autoreload File /home/fennyfeins/srv/webserver/stromszky/backend/venv/lib/python3.12/site-packages/rest_framework/request.py first seen with mtime 1733653785.6266465
DEBUG 2024-12-19 10:18:08,528 autoreload File /usr/lib/python3.12/email/base64mime.py first seen with mtime 1730917939.0
DEBUG 2024-12-19 10:18:08,528 autoreload File /home/fennyfeins/srv/webserver/stromszky/backend/venv/lib/python3.12/site-packages/sqlparse/__init__.py first seen with mtime 1733653707.9297009
DEBUG 2024-12-19 10:18:08,528 autoreload File /home/fennyfeins/srv/webserver/stromszky/backend/venv/lib/python3.12/site-packages/rest_framework/metadata.py first seen with mtime 1733653785.6246464
DEBUG 2024-12-19 10:18:08,528 autoreload File /usr/lib/python3.12/ipaddress.py first seen with mtime 1730917939.0
DEBUG 2024-12-19 10:18:08,528 autoreload File /home/fennyfeins/srv/webserver/stromszky/backend/venv/lib/python3.12/site-packages/django/contrib/auth/decorators.py first seen with mtime 1733653708.2817008
DEBUG 2024-12-19 10:18:08,528 autoreload File /home/fennyfeins/srv/webserver/stromszky/backend/venv/lib/python3.12/site-packages/django/contrib/auth/views.py first seen with mtime 1733653708.283701
DEBUG 2024-12-19 10:18:08,528 autoreload File /usr/lib/python3.12/lib-dynload/_json.cpython-312-x86_64-linux-gnu.so first seen with mtime 1730917939.0
DEBUG 2024-12-19 10:18:08,528 autoreload File /home/fennyfeins/srv/webserver/stromszky/backend/venv/lib/python3.12/site-packages/django/urls/converters.py first seen with mtime 1733653708.723701
DEBUG 2024-12-19 10:18:08,528 autoreload File /home/fennyfeins/srv/webserver/stromszky/backend/venv/lib/python3.12/site-packages/django/utils/encoding.py first seen with mtime 1733653708.727701
DEBUG 2024-12-19 10:18:08,528 autoreload File /home/fennyfeins/srv/webserver/stromszky/backend/venv/lib/python3.12/site-packages/django/utils/tree.py first seen with mtime 1733653708.730701
DEBUG 2024-12-19 10:18:08,528 autoreload File /usr/lib/python3.12/asyncio/subprocess.py first seen with mtime 1730917939.0
DEBUG 2024-12-19 10:18:08,528 autoreload File /home/fennyfeins/srv/webserver/stromszky/backend/venv/lib/python3.12/site-packages/django/core/checks/registry.py first seen with mtime 1733653708.6597009
DEBUG 2024-12-19 10:18:08,528 autoreload File /home/fennyfeins/srv/webserver/stromszky/backend/venv/lib/python3.12/site-packages/django/db/backends/mysql/validation.py first seen with mtime 1733653708.678701
DEBUG 2024-12-19 10:18:08,528 autoreload File /home/fennyfeins/srv/webserver/stromszky/backend/venv/lib/python3.12/site-packages/django/db/models/indexes.py first seen with mtime 1733653708.6897008
DEBUG 2024-12-19 10:18:08,528 autoreload File /usr/lib/python3.12/re/_casefix.py first seen with mtime 1730917939.0
DEBUG 2024-12-19 10:18:08,528 autoreload File /home/fennyfeins/srv/webserver/stromszky/backend/venv/lib/python3.12/site-packages/django/forms/formsets.py first seen with mtime 1733653708.6997008
DEBUG 2024-12-19 10:18:08,528 autoreload File /home/fennyfeins/srv/webserver/stromszky/backend/venv/lib/python3.12/site-packages/django/contrib/messages/__init__.py first seen with mtime 1733653708.5017009
DEBUG 2024-12-19 10:18:08,528 autoreload File /home/fennyfeins/srv/webserver/stromszky/backend/venv/lib/python3.12/site-packages/django/contrib/postgres/search.py first seen with mtime 1733653708.5057008
DEBUG 2024-12-19 10:18:08,528 autoreload File /usr/lib/python3.12/pprint.py first seen with mtime 1730917939.0
DEBUG 2024-12-19 10:18:08,528 autoreload File /usr/lib/python3.12/_weakrefset.py first seen with mtime 1730917939.0
DEBUG 2024-12-19 10:18:08,528 autoreload File /home/fennyfeins/srv/webserver/stromszky/backend/venv/lib/python3.12/site-packages/django/contrib/sites/requests.py first seen with mtime 1733653708.616701
DEBUG 2024-12-19 10:18:08,528 autoreload File /usr/lib/python3.12/asyncio/format_helpers.py first seen with mtime 1730917939.0
DEBUG 2024-12-19 10:18:08,528 autoreload File /home/fennyfeins/srv/webserver/stromszky/backend/venv/lib/python3.12/site-packages/rest_framework/parsers.py first seen with mtime 1733653785.6256466
DEBUG 2024-12-19 10:18:08,528 autoreload File /home/fennyfeins/srv/webserver/stromszky/backend/venv/lib/python3.12/site-packages/django/core/checks/caches.py first seen with mtime 1733653708.658701
DEBUG 2024-12-19 10:18:08,528 autoreload File /home/fennyfeins/srv/webserver/stromszky/backend/venv/lib/python3.12/site-packages/rest_framework/utils/field_mapping.py first seen with mtime 1733653785.6796465
DEBUG 2024-12-19 10:18:08,528 autoreload File /home/fennyfeins/srv/webserver/stromszky/backend/venv/lib/python3.12/site-packages/rest_framework/schemas/__init__.py first seen with mtime 1733653785.6536465
DEBUG 2024-12-19 10:18:08,528 autoreload File /usr/lib/python3.12/email/mime/multipart.py first seen with mtime 1730917939.0
DEBUG 2024-12-19 10:18:08,528 autoreload File /home/fennyfeins/srv/webserver/stromszky/backend/venv/lib/python3.12/site-packages/django/__init__.py first seen with mtime 1733653708.0357008
DEBUG 2024-12-19 10:18:08,528 autoreload File /home/fennyfeins/srv/webserver/stromszky/backend/venv/lib/python3.12/site-packages/django/urls/__init__.py first seen with mtime 1733653708.723701
DEBUG 2024-12-19 10:18:08,528 autoreload File /home/fennyfeins/srv/webserver/stromszky/backend/venv/lib/python3.12/site-packages/django/core/handlers/__init__.py first seen with mtime 1733653708.663701
DEBUG 2024-12-19 10:18:08,528 autoreload File /home/fennyfeins/srv/webserver/stromszky/backend/venv/lib/python3.12/site-packages/django/views/generic/dates.py first seen with mtime 1733653708.734701
DEBUG 2024-12-19 10:18:08,529 autoreload File /home/fennyfeins/srv/webserver/stromszky/backend/venv/lib/python3.12/site-packages/django/contrib/postgres/utils.py first seen with mtime 1733653708.5057008
DEBUG 2024-12-19 10:18:08,529 autoreload File /home/fennyfeins/srv/webserver/stromszky/backend/venv/lib/python3.12/site-packages/sqlparse/cli.py first seen with mtime 1733653707.930701
DEBUG 2024-12-19 10:18:08,529 autoreload File /home/fennyfeins/srv/webserver/stromszky/backend/venv/lib/python3.12/site-packages/django/contrib/staticfiles/management/commands/runserver.py first seen with mtime 1733653708.655701
DEBUG 2024-12-19 10:18:08,529 autoreload File /home/fennyfeins/srv/webserver/stromszky/backend/venv/lib/python3.12/site-packages/django/db/models/expressions.py first seen with mtime 1733653708.6897008
DEBUG 2024-12-19 10:18:08,529 autoreload File /usr/lib/python3.12/asyncio/mixins.py first seen with mtime 1730917939.0
DEBUG 2024-12-19 10:18:08,529 autoreload File /usr/lib/python3.12/token.py first seen with mtime 1730917939.0
DEBUG 2024-12-19 10:18:08,529 autoreload File /usr/lib/python3.12/tokenize.py first seen with mtime 1730917939.0
DEBUG 2024-12-19 10:18:08,529 autoreload File /home/fennyfeins/srv/webserver/stromszky/backend/venv/lib/python3.12/site-packages/django/db/backends/base/validation.py first seen with mtime 1733653708.6767008
DEBUG 2024-12-19 10:18:08,529 autoreload File /home/fennyfeins/srv/webserver/stromszky/backend/venv/lib/python3.12/site-packages/sqlparse/engine/filter_stack.py first seen with mtime 1733653707.931701
DEBUG 2024-12-19 10:18:08,529 autoreload File /usr/lib/python3.12/asyncio/coroutines.py first seen with mtime 1730917939.0
DEBUG 2024-12-19 10:18:08,529 autoreload File /home/fennyfeins/srv/webserver/stromszky/backend/venv/lib/python3.12/site-packages/django/contrib/admin/templatetags/base.py first seen with mtime 1733653708.2387009
DEBUG 2024-12-19 10:18:08,529 autoreload File /home/fennyfeins/srv/webserver/stromszky/backend/venv/lib/python3.12/site-packages/django/db/models/sql/datastructures.py first seen with mtime 1733653708.696701
DEBUG 2024-12-19 10:18:08,529 autoreload File /usr/lib/python3.12/textwrap.py first seen with mtime 1730917939.0
DEBUG 2024-12-19 10:18:08,529 autoreload File /home/fennyfeins/srv/webserver/stromszky/backend/venv/lib/python3.12/site-packages/django/contrib/auth/backends.py first seen with mtime 1733653708.280701
DEBUG 2024-12-19 10:18:08,529 autoreload File /home/fennyfeins/srv/webserver/stromszky/backend/venv/lib/python3.12/site-packages/django/core/files/base.py first seen with mtime 1733653708.661701
DEBUG 2024-12-19 10:18:08,529 autoreload File /home/fennyfeins/srv/webserver/stromszky/backend/venv/lib/python3.12/site-packages/django/db/backends/mysql/__init__.py first seen with mtime 1733653708.6767008
DEBUG 2024-12-19 10:18:08,529 autoreload File /home/fennyfeins/srv/webserver/stromszky/backend/venv/lib/python3.12/site-packages/django/contrib/admin/templatetags/log.py first seen with mtime 1733653708.2387009
DEBUG 2024-12-19 10:18:08,529 autoreload File /usr/lib/python3.12/concurrent/futures/_base.py first seen with mtime 1730917939.0
DEBUG 2024-12-19 10:18:08,529 autoreload File /home/fennyfeins/srv/webserver/stromszky/backend/venv/lib/python3.12/site-packages/django/core/checks/security/__init__.py first seen with mtime 1733653708.660701
DEBUG 2024-12-19 10:18:08,529 autoreload File /home/fennyfeins/srv/webserver/stromszky/backend/venv/lib/python3.12/site-packages/rest_framework/utils/formatting.py first seen with mtime 1733653785.6796465
DEBUG 2024-12-19 10:18:08,529 autoreload File /home/fennyfeins/srv/webserver/stromszky/backend/venv/lib/python3.12/site-packages/django/template/context.py first seen with mtime 1733653708.716701
DEBUG 2024-12-19 10:18:08,529 autoreload File /home/fennyfeins/srv/webserver/stromszky/backend/venv/lib/python3.12/site-packages/django/templatetags/l10n.py first seen with mtime 1733653708.720701
DEBUG 2024-12-19 10:18:08,529 autoreload File /home/fennyfeins/srv/webserver/stromszky/backend/venv/lib/python3.12/site-packages/django/core/cache/backends/base.py first seen with mtime 1733653708.657701
DEBUG 2024-12-19 10:18:08,529 autoreload File /home/fennyfeins/srv/webserver/stromszky/backend/venv/lib/python3.12/site-packages/django/utils/__init__.py first seen with mtime 1733653708.724701
DEBUG 2024-12-19 10:18:08,529 autoreload File /home/fennyfeins/srv/webserver/stromszky/backend/venv/lib/python3.12/site-packages/django/utils/hashable.py first seen with mtime 1733653708.7287009
DEBUG 2024-12-19 10:18:08,529 autoreload File /usr/lib/python3.12/lib-dynload/termios.cpython-312-x86_64-linux-gnu.so first seen with mtime 1730917939.0
DEBUG 2024-12-19 10:18:08,529 autoreload File /home/fennyfeins/srv/webserver/stromszky/backend/venv/lib/python3.12/site-packages/django/core/cache/backends/__init__.py first seen with mtime 1733653708.657701
DEBUG 2024-12-19 10:18:08,529 autoreload File /home/fennyfeins/srv/webserver/stromszky/backend/venv/lib/python3.12/site-packages/django/db/models/__init__.py first seen with mtime 1733653708.687701
DEBUG 2024-12-19 10:18:08,529 autoreload File /usr/lib/python3.12/collections/__init__.py first seen with mtime 1730917939.0
DEBUG 2024-12-19 10:18:08,529 autoreload File /home/fennyfeins/srv/webserver/stromszky/backend/venv/lib/python3.12/site-packages/django/contrib/admin/templatetags/admin_modify.py first seen with mtime 1733653708.237701
DEBUG 2024-12-19 10:18:08,529 autoreload File /usr/lib/python3.12/platform.py first seen with mtime 1730917939.0
DEBUG 2024-12-19 10:18:08,529 autoreload File /home/fennyfeins/srv/webserver/stromszky/backend/venv/lib/python3.12/site-packages/django/conf/global_settings.py first seen with mtime 1733653708.036701
DEBUG 2024-12-19 10:18:08,529 autoreload File /usr/lib/python3.12/email/_parseaddr.py first seen with mtime 1730917939.0
DEBUG 2024-12-19 10:18:08,529 autoreload File /home/fennyfeins/srv/webserver/stromszky/backend/venv/lib/python3.12/site-packages/django/contrib/admin/checks.py first seen with mtime 1733653708.1207008
DEBUG 2024-12-19 10:18:08,529 autoreload File /usr/lib/python3.12/asyncio/runners.py first seen with mtime 1730917939.0
DEBUG 2024-12-19 10:18:08,530 autoreload File /home/fennyfeins/srv/webserver/stromszky/backend/venv/lib/python3.12/site-packages/corsheaders/checks.py first seen with mtime 1733653769.488667
DEBUG 2024-12-19 10:18:08,530 autoreload File /home/fennyfeins/srv/webserver/stromszky/backend/venv/lib/python3.12/site-packages/django/utils/safestring.py first seen with mtime 1733653708.730701
DEBUG 2024-12-19 10:18:08,530 autoreload File /usr/lib/python3.12/keyword.py first seen with mtime 1730917939.0
DEBUG 2024-12-19 10:18:08,530 autoreload File /usr/lib/python3.12/json/__init__.py first seen with mtime 1730917939.0
DEBUG 2024-12-19 10:18:08,530 autoreload File /home/fennyfeins/srv/webserver/stromszky/backend/venv/lib/python3.12/site-packages/django/http/__init__.py first seen with mtime 1733653708.713701
DEBUG 2024-12-19 10:18:08,530 autoreload File /home/fennyfeins/srv/webserver/stromszky/backend/venv/lib/python3.12/site-packages/django/contrib/admin/apps.py first seen with mtime 1733653708.1207008
DEBUG 2024-12-19 10:18:08,530 autoreload File /home/fennyfeins/srv/webserver/stromszky/backend/venv/lib/python3.12/site-packages/sqlparse/filters/output.py first seen with mtime 1733653707.9327009
DEBUG 2024-12-19 10:18:08,530 autoreload File /home/fennyfeins/srv/webserver/stromszky/backend/venv/lib/python3.12/site-packages/django/core/signing.py first seen with mtime 1733653708.6567008
DEBUG 2024-12-19 10:18:08,530 autoreload File /home/fennyfeins/srv/webserver/stromszky/backend/venv/lib/python3.12/site-packages/MySQLdb/times.py first seen with mtime 1733653707.968701
DEBUG 2024-12-19 10:18:08,530 autoreload File /usr/lib/python3.12/graphlib.py first seen with mtime 1730917939.0
DEBUG 2024-12-19 10:18:08,530 autoreload File /home/fennyfeins/srv/webserver/stromszky/backend/venv/lib/python3.12/site-packages/django/templatetags/tz.py first seen with mtime 1733653708.721701
DEBUG 2024-12-19 10:18:08,530 autoreload File /usr/lib/python3.12/asyncio/__init__.py first seen with mtime 1730917939.0
DEBUG 2024-12-19 10:18:08,530 autoreload File /usr/lib/python3.12/email/mime/text.py first seen with mtime 1730917939.0
DEBUG 2024-12-19 10:18:08,530 autoreload File /home/fennyfeins/srv/webserver/stromszky/backend/venv/lib/python3.12/site-packages/sqlparse/engine/statement_splitter.py first seen with mtime 1733653707.9327009
DEBUG 2024-12-19 10:18:08,530 autoreload File /usr/lib/python3.12/lib-dynload/_queue.cpython-312-x86_64-linux-gnu.so first seen with mtime 1730917939.0
DEBUG 2024-12-19 10:18:08,530 autoreload File /home/fennyfeins/srv/webserver/stromszky/backend/venv/lib/python3.12/site-packages/django/db/migrations/operations/fields.py first seen with mtime 1733653708.687701
DEBUG 2024-12-19 10:18:08,530 autoreload File /home/fennyfeins/srv/webserver/stromszky/backend/venv/lib/python3.12/site-packages/sqlparse/exceptions.py first seen with mtime 1733653707.930701
DEBUG 2024-12-19 10:18:08,530 autoreload File /home/fennyfeins/srv/webserver/stromszky/backend/venv/lib/python3.12/site-packages/django/template/loaders/base.py first seen with mtime 1733653708.719701
DEBUG 2024-12-19 10:18:08,530 autoreload File /home/fennyfeins/srv/webserver/stromszky/backend/venv/lib/python3.12/site-packages/django/db/migrations/state.py first seen with mtime 1733653708.686701
DEBUG 2024-12-19 10:18:08,530 autoreload File /home/fennyfeins/srv/webserver/stromszky/backend/venv/lib/python3.12/site-packages/django/contrib/auth/apps.py first seen with mtime 1733653708.280701
DEBUG 2024-12-19 10:18:08,530 autoreload File /home/fennyfeins/srv/webserver/stromszky/backend/venv/lib/python3.12/site-packages/django/dispatch/dispatcher.py first seen with mtime 1733653708.698701
DEBUG 2024-12-19 10:18:08,530 autoreload File /home/fennyfeins/srv/webserver/stromszky/backend/venv/lib/python3.12/site-packages/django/core/cache/utils.py first seen with mtime 1733653708.657701
DEBUG 2024-12-19 10:18:08,530 autoreload File /home/fennyfeins/srv/webserver/stromszky/backend/venv/lib/python3.12/site-packages/asgiref/local.py first seen with mtime 1733653707.987701
DEBUG 2024-12-19 10:18:08,530 autoreload File /home/fennyfeins/srv/webserver/stromszky/backend/venv/lib/python3.12/site-packages/django/utils/functional.py first seen with mtime 1733653708.727701
DEBUG 2024-12-19 10:18:08,530 autoreload File /home/fennyfeins/srv/webserver/stromszky/backend/venv/lib/python3.12/site-packages/django/db/models/manager.py first seen with mtime 1733653708.690701
DEBUG 2024-12-19 10:18:08,530 autoreload File /home/fennyfeins/srv/webserver/stromszky/backend/venv/lib/python3.12/site-packages/django/core/serializers/python.py first seen with mtime 1733653708.672701
DEBUG 2024-12-19 10:18:08,530 autoreload File /home/fennyfeins/srv/webserver/stromszky/backend/venv/lib/python3.12/site-packages/django/db/__init__.py first seen with mtime 1733653708.673701
DEBUG 2024-12-19 10:18:08,530 autoreload File /home/fennyfeins/srv/webserver/stromszky/backend/venv/lib/python3.12/site-packages/django/template/loaders/app_directories.py first seen with mtime 1733653708.719701
DEBUG 2024-12-19 10:18:08,530 autoreload File /home/fennyfeins/srv/webserver/stromszky/backend/venv/lib/python3.12/site-packages/rest_framework/settings.py first seen with mtime 1733653785.6276464
DEBUG 2024-12-19 10:18:08,530 autoreload File /home/fennyfeins/srv/webserver/stromszky/backend/venv/lib/python3.12/site-packages/rest_framework/utils/urls.py first seen with mtime 1733653785.6806464
DEBUG 2024-12-19 10:18:08,530 autoreload File /home/fennyfeins/srv/webserver/stromszky/backend/venv/lib/python3.12/site-packages/django/core/checks/security/base.py first seen with mtime 1733653708.660701
DEBUG 2024-12-19 10:18:08,530 autoreload File /home/fennyfeins/srv/webserver/stromszky/backend/venv/lib/python3.12/site-packages/django/contrib/admin/widgets.py first seen with mtime 1733653708.1237009
DEBUG 2024-12-19 10:18:08,530 autoreload File /home/fennyfeins/srv/webserver/stromszky/backend/venv/lib/python3.12/site-packages/django/contrib/__init__.py first seen with mtime 1733653708.1207008
DEBUG 2024-12-19 10:18:08,530 autoreload File /home/fennyfeins/srv/webserver/stromszky/backend/venv/lib/python3.12/site-packages/django/templatetags/i18n.py first seen with mtime 1733653708.720701
DEBUG 2024-12-19 10:18:08,530 autoreload File /usr/lib/python3.12/glob.py first seen with mtime 1730917939.0
DEBUG 2024-12-19 10:18:08,531 autoreload File /usr/lib/python3.12/urllib/request.py first seen with mtime 1730917939.0
DEBUG 2024-12-19 10:18:08,531 autoreload File /home/fennyfeins/srv/webserver/stromszky/backend/venv/lib/python3.12/site-packages/django/contrib/messages/middleware.py first seen with mtime 1733653708.502701
DEBUG 2024-12-19 10:18:08,531 autoreload File /usr/lib/python3.12/opcode.py first seen with mtime 1730917939.0
DEBUG 2024-12-19 10:18:08,531 autoreload File /home/fennyfeins/srv/webserver/stromszky/backend/venv/lib/python3.12/site-packages/django/core/files/move.py first seen with mtime 1733653708.661701
DEBUG 2024-12-19 10:18:08,531 autoreload File /usr/lib/python3.12/hmac.py first seen with mtime 1730917939.0
DEBUG 2024-12-19 10:18:08,531 autoreload File /home/fennyfeins/srv/webserver/stromszky/backend/venv/lib/python3.12/site-packages/rest_framework/utils/serializer_helpers.py first seen with mtime 1733653785.6806464
DEBUG 2024-12-19 10:18:08,531 autoreload File /usr/lib/python3.12/json/scanner.py first seen with mtime 1730917939.0
DEBUG 2024-12-19 10:18:08,531 autoreload File /home/fennyfeins/srv/webserver/stromszky/backend/venv/lib/python3.12/site-packages/django/db/backends/base/creation.py first seen with mtime 1733653708.674701
DEBUG 2024-12-19 10:18:08,531 autoreload File /usr/lib/python3.12/decimal.py first seen with mtime 1730917939.0
DEBUG 2024-12-19 10:18:08,531 autoreload File /home/fennyfeins/srv/webserver/stromszky/backend/venv/lib/python3.12/site-packages/django/conf/__init__.py first seen with mtime 1733653708.036701
DEBUG 2024-12-19 10:18:08,531 autoreload File /usr/lib/python3.12/email/quoprimime.py first seen with mtime 1730917939.0
DEBUG 2024-12-19 10:18:08,531 autoreload File /home/fennyfeins/srv/webserver/stromszky/backend/venv/lib/python3.12/site-packages/django/contrib/sessions/models.py first seen with mtime 1733653708.5777009
DEBUG 2024-12-19 10:18:08,531 autoreload File /home/fennyfeins/srv/webserver/stromszky/backend/venv/lib/python3.12/site-packages/django/views/generic/edit.py first seen with mtime 1733653708.7357008
DEBUG 2024-12-19 10:18:08,531 autoreload File /home/fennyfeins/srv/webserver/stromszky/backend/venv/lib/python3.12/site-packages/django/utils/translation/reloader.py first seen with mtime 1733653708.731701
DEBUG 2024-12-19 10:18:08,531 autoreload File /usr/lib/python3.12/asyncio/taskgroups.py first seen with mtime 1730917939.0
DEBUG 2024-12-19 10:18:08,531 autoreload File /home/fennyfeins/srv/webserver/stromszky/backend/venv/lib/python3.12/site-packages/rest_framework/utils/encoders.py first seen with mtime 1733653785.6796465
DEBUG 2024-12-19 10:18:08,531 autoreload File /home/fennyfeins/srv/webserver/stromszky/backend/venv/lib/python3.12/site-packages/django/db/models/functions/text.py first seen with mtime 1733653708.695701
DEBUG 2024-12-19 10:18:08,531 autoreload File /usr/lib/python3.12/concurrent/futures/__init__.py first seen with mtime 1730917939.0
DEBUG 2024-12-19 10:18:08,531 autoreload File /home/fennyfeins/srv/webserver/stromszky/backend/api/apps.py first seen with mtime 1733469847.8435373
DEBUG 2024-12-19 10:18:08,531 autoreload File /home/fennyfeins/srv/webserver/stromszky/backend/venv/lib/python3.12/site-packages/django/db/backends/mysql/base.py first seen with mtime 1733653708.6767008
DEBUG 2024-12-19 10:18:08,531 autoreload File /home/fennyfeins/srv/webserver/stromszky/backend/venv/lib/python3.12/site-packages/django/db/migrations/utils.py first seen with mtime 1733653708.686701
DEBUG 2024-12-19 10:18:08,531 autoreload File /home/fennyfeins/srv/webserver/stromszky/backend/venv/lib/python3.12/site-packages/django/views/generic/base.py first seen with mtime 1733653708.734701
DEBUG 2024-12-19 10:18:08,531 autoreload File /usr/lib/python3.12/asyncio/timeouts.py first seen with mtime 1730917939.0
DEBUG 2024-12-19 10:18:08,531 autoreload File /home/fennyfeins/srv/webserver/stromszky/backend/venv/lib/python3.12/site-packages/django/forms/boundfield.py first seen with mtime 1733653708.698701
DEBUG 2024-12-19 10:18:08,531 autoreload File /home/fennyfeins/srv/webserver/stromszky/backend/venv/lib/python3.12/site-packages/sqlparse/filters/right_margin.py first seen with mtime 1733653707.9337008
DEBUG 2024-12-19 10:18:08,531 autoreload File /home/fennyfeins/srv/webserver/stromszky/backend/venv/lib/python3.12/site-packages/django/contrib/admin/utils.py first seen with mtime 1733653708.1237009
DEBUG 2024-12-19 10:18:08,531 autoreload File /usr/lib/python3.12/http/server.py first seen with mtime 1730917939.0
DEBUG 2024-12-19 10:18:08,531 autoreload File /home/fennyfeins/srv/webserver/stromszky/backend/venv/lib/python3.12/site-packages/django/db/models/fields/related_lookups.py first seen with mtime 1733653708.694701
DEBUG 2024-12-19 10:18:08,531 autoreload File /home/fennyfeins/srv/webserver/stromszky/backend/venv/lib/python3.12/site-packages/django/contrib/admin/options.py first seen with mtime 1733653708.122701
DEBUG 2024-12-19 10:18:08,531 autoreload File /home/fennyfeins/srv/webserver/stromszky/backend/venv/lib/python3.12/site-packages/rest_framework/status.py first seen with mtime 1733653785.6276464
DEBUG 2024-12-19 10:18:08,531 autoreload File /usr/lib/python3.12/email/header.py first seen with mtime 1730917939.0
DEBUG 2024-12-19 10:18:08,531 autoreload File /home/fennyfeins/srv/webserver/stromszky/backend/venv/lib/python3.12/site-packages/sqlparse/filters/reindent.py first seen with mtime 1733653707.9327009
DEBUG 2024-12-19 10:18:08,531 autoreload File /usr/lib/python3.12/signal.py first seen with mtime 1730917939.0
DEBUG 2024-12-19 10:18:08,531 autoreload File /usr/lib/python3.12/lib-dynload/_ssl.cpython-312-x86_64-linux-gnu.so first seen with mtime 1730917939.0
DEBUG 2024-12-19 10:18:08,531 autoreload File /home/fennyfeins/srv/webserver/stromszky/backend/venv/lib/python3.12/site-packages/django/contrib/auth/validators.py first seen with mtime 1733653708.283701
DEBUG 2024-12-19 10:18:08,532 autoreload File /home/fennyfeins/srv/webserver/stromszky/backend/venv/lib/python3.12/site-packages/django/templatetags/__init__.py first seen with mtime 1733653708.720701
DEBUG 2024-12-19 10:18:08,532 autoreload File /usr/lib/python3.12/bisect.py first seen with mtime 1730917939.0
DEBUG 2024-12-19 10:18:08,532 autoreload File /home/fennyfeins/srv/webserver/stromszky/backend/venv/lib/python3.12/site-packages/django/contrib/admin/exceptions.py first seen with mtime 1733653708.121701
DEBUG 2024-12-19 10:18:08,532 autoreload File /usr/lib/python3.12/contextlib.py first seen with mtime 1730917939.0
DEBUG 2024-12-19 10:18:08,532 autoreload File /usr/lib/python3.12/email/parser.py first seen with mtime 1730917939.0
DEBUG 2024-12-19 10:18:08,532 autoreload File /usr/lib/python3.12/bz2.py first seen with mtime 1730917939.0
DEBUG 2024-12-19 10:18:08,532 autoreload File /home/fennyfeins/srv/webserver/stromszky/backend/venv/lib/python3.12/site-packages/django/urls/utils.py first seen with mtime 1733653708.724701
DEBUG 2024-12-19 10:18:08,532 autoreload File /home/fennyfeins/srv/webserver/stromszky/backend/venv/lib/python3.12/site-packages/django/utils/autoreload.py first seen with mtime 1733653708.7257009
DEBUG 2024-12-19 10:18:08,532 autoreload File /home/fennyfeins/srv/webserver/stromszky/backend/venv/lib/python3.12/site-packages/django/db/models/fields/mixins.py first seen with mtime 1733653708.693701
DEBUG 2024-12-19 10:18:08,532 autoreload File /home/fennyfeins/srv/webserver/stromszky/backend/venv/lib/python3.12/site-packages/django/contrib/messages/constants.py first seen with mtime 1733653708.502701
DEBUG 2024-12-19 10:18:08,532 autoreload File /home/fennyfeins/srv/webserver/stromszky/backend/venv/lib/python3.12/site-packages/django/utils/regex_helper.py first seen with mtime 1733653708.729701
DEBUG 2024-12-19 10:18:08,532 autoreload File /home/fennyfeins/srv/webserver/stromszky/backend/venv/lib/python3.12/site-packages/django/middleware/clickjacking.py first seen with mtime 1733653708.714701
DEBUG 2024-12-19 10:18:08,532 autoreload File /home/fennyfeins/srv/webserver/stromszky/backend/venv/lib/python3.12/site-packages/rest_framework/permissions.py first seen with mtime 1733653785.6256466
DEBUG 2024-12-19 10:18:08,532 autoreload File /home/fennyfeins/srv/webserver/stromszky/backend/venv/lib/python3.12/site-packages/django/contrib/staticfiles/checks.py first seen with mtime 1733653708.6537008
DEBUG 2024-12-19 10:18:08,532 autoreload File /home/fennyfeins/srv/webserver/stromszky/backend/venv/lib/python3.12/site-packages/rest_framework/reverse.py first seen with mtime 1733653785.6266465
DEBUG 2024-12-19 10:18:08,532 autoreload File /home/fennyfeins/srv/webserver/stromszky/backend/venv/lib/python3.12/site-packages/django/contrib/auth/__init__.py first seen with mtime 1733653708.280701
DEBUG 2024-12-19 10:18:08,532 autoreload File /usr/lib/python3.12/html/__init__.py first seen with mtime 1730917939.0
DEBUG 2024-12-19 10:18:08,532 autoreload File /home/fennyfeins/srv/webserver/stromszky/backend/venv/lib/python3.12/site-packages/MySQLdb/constants/CLIENT.py first seen with mtime 1733653707.9697008
DEBUG 2024-12-19 10:18:08,532 autoreload File /home/fennyfeins/srv/webserver/stromszky/backend/venv/lib/python3.12/site-packages/django/utils/module_loading.py first seen with mtime 1733653708.729701
DEBUG 2024-12-19 10:18:08,532 autoreload File /home/fennyfeins/srv/webserver/stromszky/backend/api/serializers.py first seen with mtime 1733469847.8435373
DEBUG 2024-12-19 10:18:08,532 autoreload File /home/fennyfeins/srv/webserver/stromszky/backend/venv/lib/python3.12/site-packages/django/core/checks/files.py first seen with mtime 1733653708.6597009
DEBUG 2024-12-19 10:18:08,532 autoreload File /home/fennyfeins/srv/webserver/stromszky/backend/venv/lib/python3.12/site-packages/django/utils/duration.py first seen with mtime 1733653708.727701
DEBUG 2024-12-19 10:18:08,532 autoreload File /home/fennyfeins/srv/webserver/stromszky/backend/venv/lib/python3.12/site-packages/rest_framework/serializers.py first seen with mtime 1733653785.6276464
DEBUG 2024-12-19 10:18:08,532 autoreload File /usr/lib/python3.12/base64.py first seen with mtime 1730917939.0
DEBUG 2024-12-19 10:18:08,532 autoreload File /home/fennyfeins/srv/webserver/stromszky/backend/venv/lib/python3.12/site-packages/django/contrib/sessions/backends/__init__.py first seen with mtime 1733653708.5777009
DEBUG 2024-12-19 10:18:08,532 autoreload File /usr/lib/python3.12/email/headerregistry.py first seen with mtime 1730917939.0
DEBUG 2024-12-19 10:18:08,532 autoreload File /home/fennyfeins/srv/webserver/stromszky/backend/venv/lib/python3.12/site-packages/django/core/checks/database.py first seen with mtime 1733653708.6597009
DEBUG 2024-12-19 10:18:08,532 autoreload File /home/fennyfeins/srv/webserver/stromszky/backend/venv/lib/python3.12/site-packages/django/http/cookie.py first seen with mtime 1733653708.713701
DEBUG 2024-12-19 10:18:08,532 autoreload File /home/fennyfeins/srv/webserver/stromszky/backend/venv/lib/python3.12/site-packages/django/utils/inspect.py first seen with mtime 1733653708.7287009
DEBUG 2024-12-19 10:18:08,532 autoreload File /home/fennyfeins/srv/webserver/stromszky/backend/venv/lib/python3.12/site-packages/sqlparse/utils.py first seen with mtime 1733653707.931701
DEBUG 2024-12-19 10:18:08,532 autoreload File /home/fennyfeins/srv/webserver/stromszky/backend/venv/lib/python3.12/site-packages/django/templatetags/cache.py first seen with mtime 1733653708.720701
DEBUG 2024-12-19 10:18:08,532 autoreload File /home/fennyfeins/srv/webserver/stromszky/backend/venv/lib/python3.12/site-packages/MySQLdb/converters.py first seen with mtime 1733653707.968701
DEBUG 2024-12-19 10:18:08,532 autoreload File /usr/lib/python3.12/heapq.py first seen with mtime 1730917939.0
DEBUG 2024-12-19 10:18:08,532 autoreload File /home/fennyfeins/srv/webserver/stromszky/backend/venv/lib/python3.12/site-packages/sqlparse/engine/grouping.py first seen with mtime 1733653707.9327009
DEBUG 2024-12-19 10:18:08,533 autoreload File /home/fennyfeins/srv/webserver/stromszky/backend/venv/lib/python3.12/site-packages/django/db/models/base.py first seen with mtime 1733653708.688701
DEBUG 2024-12-19 10:18:08,533 autoreload File /usr/lib/python3.12/traceback.py first seen with mtime 1730917939.0
DEBUG 2024-12-19 10:18:08,533 autoreload File /usr/lib/python3.12/logging/__init__.py first seen with mtime 1730917939.0
DEBUG 2024-12-19 10:18:08,533 autoreload File /home/fennyfeins/srv/webserver/stromszky/backend/venv/lib/python3.12/site-packages/django/contrib/messages/storage/base.py first seen with mtime 1733653708.503701
DEBUG 2024-12-19 10:18:08,533 autoreload File /usr/lib/python3.12/ssl.py first seen with mtime 1730917939.0
DEBUG 2024-12-19 10:18:08,533 autoreload File /usr/lib/python3.12/asyncio/base_events.py first seen with mtime 1730917939.0
DEBUG 2024-12-19 10:18:08,533 autoreload File /home/fennyfeins/srv/webserver/stromszky/backend/venv/lib/python3.12/site-packages/rest_framework/__init__.py first seen with mtime 1733653785.6216464
DEBUG 2024-12-19 10:18:08,533 autoreload File /usr/lib/python3.12/hashlib.py first seen with mtime 1730917939.0
DEBUG 2024-12-19 10:18:08,533 autoreload File /home/fennyfeins/srv/webserver/stromszky/backend/venv/lib/python3.12/site-packages/django/contrib/contenttypes/fields.py first seen with mtime 1733653708.333701
DEBUG 2024-12-19 10:18:08,533 autoreload File /home/fennyfeins/srv/webserver/stromszky/backend/venv/lib/python3.12/site-packages/django/core/files/storage/__init__.py first seen with mtime 1733653708.662701
DEBUG 2024-12-19 10:18:08,533 autoreload File /home/fennyfeins/srv/webserver/stromszky/backend/venv/lib/python3.12/site-packages/django/db/utils.py first seen with mtime 1733653708.673701
DEBUG 2024-12-19 10:18:08,533 autoreload File /home/fennyfeins/srv/webserver/stromszky/backend/venv/lib/python3.12/site-packages/django/db/models/functions/mixins.py first seen with mtime 1733653708.695701
DEBUG 2024-12-19 10:18:08,533 autoreload File /usr/lib/python3.12/asyncio/protocols.py first seen with mtime 1730917939.0
DEBUG 2024-12-19 10:18:08,533 autoreload File /home/fennyfeins/srv/webserver/stromszky/backend/venv/lib/python3.12/site-packages/django/utils/crypto.py first seen with mtime 1733653708.7257009
DEBUG 2024-12-19 10:18:08,533 autoreload File /home/fennyfeins/srv/webserver/stromszky/backend/venv/lib/python3.12/site-packages/django/utils/timezone.py first seen with mtime 1733653708.730701
DEBUG 2024-12-19 10:18:08,533 autoreload File /home/fennyfeins/srv/webserver/stromszky/backend/venv/lib/python3.12/site-packages/django/middleware/common.py first seen with mtime 1733653708.714701
DEBUG 2024-12-19 10:18:08,533 autoreload File /usr/lib/python3.12/asyncio/streams.py first seen with mtime 1730917939.0
DEBUG 2024-12-19 10:18:08,533 autoreload File /home/fennyfeins/srv/webserver/stromszky/backend/venv/lib/python3.12/site-packages/sqlparse/filters/tokens.py first seen with mtime 1733653707.9337008
DEBUG 2024-12-19 10:18:08,533 autoreload File /home/fennyfeins/srv/webserver/stromszky/backend/venv/lib/python3.12/site-packages/django/core/checks/urls.py first seen with mtime 1733653708.660701
DEBUG 2024-12-19 10:18:08,533 autoreload File /home/fennyfeins/srv/webserver/stromszky/backend/venv/lib/python3.12/site-packages/django/template/loaders/filesystem.py first seen with mtime 1733653708.719701
DEBUG 2024-12-19 10:18:08,533 autoreload File /usr/lib/python3.12/lib-dynload/_bz2.cpython-312-x86_64-linux-gnu.so first seen with mtime 1730917939.0
DEBUG 2024-12-19 10:18:08,533 autoreload File /usr/lib/python3.12/collections/abc.py first seen with mtime 1730917939.0
DEBUG 2024-12-19 10:18:08,533 autoreload File /usr/lib/python3.12/asyncio/constants.py first seen with mtime 1730917939.0
DEBUG 2024-12-19 10:18:08,533 autoreload File /home/fennyfeins/srv/webserver/stromszky/backend/venv/lib/python3.12/site-packages/django/utils/cache.py first seen with mtime 1733653708.7257009
DEBUG 2024-12-19 10:18:08,533 autoreload File /home/fennyfeins/srv/webserver/stromszky/backend/venv/lib/python3.12/site-packages/django/http/request.py first seen with mtime 1733653708.713701
DEBUG 2024-12-19 10:18:08,533 autoreload File /home/fennyfeins/srv/webserver/stromszky/backend/venv/lib/python3.12/site-packages/django/utils/translation/trans_real.py first seen with mtime 1733653708.732701
DEBUG 2024-12-19 10:18:08,533 autoreload File /home/fennyfeins/srv/webserver/stromszky/backend/venv/lib/python3.12/site-packages/django/contrib/admin/templatetags/__init__.py first seen with mtime 1733653708.237701
DEBUG 2024-12-19 10:18:08,533 autoreload File /home/fennyfeins/srv/webserver/stromszky/backend/venv/lib/python3.12/site-packages/django/views/generic/__init__.py first seen with mtime 1733653708.734701
DEBUG 2024-12-19 10:18:08,533 autoreload File /home/fennyfeins/srv/webserver/stromszky/backend/venv/lib/python3.12/site-packages/django/core/serializers/base.py first seen with mtime 1733653708.671701
DEBUG 2024-12-19 10:18:08,533 autoreload File /home/fennyfeins/srv/webserver/stromszky/backend/venv/lib/python3.12/site-packages/django/core/wsgi.py first seen with mtime 1733653708.6567008
DEBUG 2024-12-19 10:18:08,533 autoreload File /home/fennyfeins/srv/webserver/stromszky/backend/venv/lib/python3.12/site-packages/sqlparse/filters/__init__.py first seen with mtime 1733653707.9327009
DEBUG 2024-12-19 10:18:08,533 autoreload File /usr/lib/python3.12/encodings/aliases.py first seen with mtime 1730917939.0
DEBUG 2024-12-19 10:18:08,533 autoreload File /home/fennyfeins/srv/webserver/stromszky/backend/venv/lib/python3.12/site-packages/django/contrib/sessions/__init__.py first seen with mtime 1733653708.576701
DEBUG 2024-12-19 10:18:08,533 autoreload File /home/fennyfeins/srv/webserver/stromszky/backend/venv/lib/python3.12/site-packages/django/db/models/lookups.py first seen with mtime 1733653708.690701
DEBUG 2024-12-19 10:18:08,533 autoreload File /usr/lib/python3.12/selectors.py first seen with mtime 1730917939.0
DEBUG 2024-12-19 10:18:08,533 autoreload File /usr/lib/python3.12/pkgutil.py first seen with mtime 1730917939.0
DEBUG 2024-12-19 10:18:08,533 autoreload File /home/fennyfeins/srv/webserver/stromszky/backend/venv/lib/python3.12/site-packages/rest_framework/response.py first seen with mtime 1733653785.6266465
DEBUG 2024-12-19 10:18:08,534 autoreload File /home/fennyfeins/srv/webserver/stromszky/backend/venv/lib/python3.12/site-packages/MySQLdb/constants/FLAG.py first seen with mtime 1733653707.9697008
DEBUG 2024-12-19 10:18:08,534 autoreload File /home/fennyfeins/srv/webserver/stromszky/backend/venv/lib/python3.12/site-packages/django/db/models/query.py first seen with mtime 1733653708.691701
DEBUG 2024-12-19 10:18:08,534 autoreload File /home/fennyfeins/srv/webserver/stromszky/backend/venv/lib/python3.12/site-packages/django/contrib/auth/models.py first seen with mtime 1733653708.282701
DEBUG 2024-12-19 10:18:08,534 autoreload File /home/fennyfeins/srv/webserver/stromszky/backend/venv/lib/python3.12/site-packages/django/core/validators.py first seen with mtime 1733653708.6567008
DEBUG 2024-12-19 10:18:08,534 autoreload File /usr/lib/python3.12/encodings/utf_8.py first seen with mtime 1730917939.0
DEBUG 2024-12-19 10:18:08,534 autoreload File /home/fennyfeins/srv/webserver/stromszky/backend/venv/lib/python3.12/site-packages/django/contrib/admin/views/autocomplete.py first seen with mtime 1733653708.2387009
DEBUG 2024-12-19 10:18:08,534 autoreload File /home/fennyfeins/srv/webserver/stromszky/backend/api/admin.py first seen with mtime 1733469847.8435373
DEBUG 2024-12-19 10:18:08,534 autoreload File /home/fennyfeins/srv/webserver/stromszky/backend/venv/lib/python3.12/site-packages/django/contrib/admin/templatetags/admin_urls.py first seen with mtime 1733653708.2387009
DEBUG 2024-12-19 10:18:08,534 autoreload File /home/fennyfeins/srv/webserver/stromszky/backend/venv/lib/python3.12/site-packages/django/urls/exceptions.py first seen with mtime 1733653708.723701
DEBUG 2024-12-19 10:18:08,534 autoreload File /usr/lib/python3.12/mimetypes.py first seen with mtime 1730917939.0
DEBUG 2024-12-19 10:18:08,534 autoreload File /home/fennyfeins/srv/webserver/stromszky/backend/venv/lib/python3.12/site-packages/django/template/loaders/cached.py first seen with mtime 1733653708.719701
DEBUG 2024-12-19 10:18:08,534 autoreload File /home/fennyfeins/srv/webserver/stromszky/backend/venv/lib/python3.12/site-packages/django/core/files/storage/base.py first seen with mtime 1733653708.662701
DEBUG 2024-12-19 10:18:08,534 autoreload File /home/fennyfeins/srv/webserver/stromszky/backend/venv/lib/python3.12/site-packages/django/utils/version.py first seen with mtime 1733653708.731701
DEBUG 2024-12-19 10:18:08,534 autoreload File /home/fennyfeins/srv/webserver/stromszky/backend/venv/lib/python3.12/site-packages/django/utils/decorators.py first seen with mtime 1733653708.726701
DEBUG 2024-12-19 10:18:08,534 autoreload File /home/fennyfeins/srv/webserver/stromszky/backend/venv/lib/python3.12/site-packages/django/db/models/sql/subqueries.py first seen with mtime 1733653708.697701
DEBUG 2024-12-19 10:18:08,534 autoreload File /usr/lib/python3.12/email/iterators.py first seen with mtime 1730917939.0
DEBUG 2024-12-19 10:18:08,534 autoreload File /usr/lib/python3.12/asyncio/threads.py first seen with mtime 1730917939.0
DEBUG 2024-12-19 10:18:08,534 autoreload File /home/fennyfeins/srv/webserver/stromszky/backend/venv/lib/python3.12/site-packages/django/contrib/auth/admin.py first seen with mtime 1733653708.280701
DEBUG 2024-12-19 10:18:08,534 autoreload File /home/fennyfeins/srv/webserver/stromszky/backend/api/templates/login.html first seen with mtime 1733469847.8445373
DEBUG 2024-12-19 10:18:08,534 autoreload File /home/fennyfeins/srv/webserver/stromszky/backend/venv/lib/python3.12/site-packages/rest_framework/templates/rest_framework first seen with mtime 1733653785.6766465
DEBUG 2024-12-19 10:18:08,534 autoreload File /home/fennyfeins/srv/webserver/stromszky/backend/venv/lib/python3.12/site-packages/rest_framework/templates/rest_framework/docs first seen with mtime 1733653785.6716464
DEBUG 2024-12-19 10:18:08,535 autoreload File /home/fennyfeins/srv/webserver/stromszky/backend/venv/lib/python3.12/site-packages/rest_framework/templates/rest_framework/pagination first seen with mtime 1733653785.6766465
DEBUG 2024-12-19 10:18:08,535 autoreload File /home/fennyfeins/srv/webserver/stromszky/backend/venv/lib/python3.12/site-packages/rest_framework/templates/rest_framework/login.html first seen with mtime 1733653785.6696465
DEBUG 2024-12-19 10:18:08,535 autoreload File /home/fennyfeins/srv/webserver/stromszky/backend/venv/lib/python3.12/site-packages/rest_framework/templates/rest_framework/admin.html first seen with mtime 1733653785.6686463
DEBUG 2024-12-19 10:18:08,535 autoreload File /home/fennyfeins/srv/webserver/stromszky/backend/venv/lib/python3.12/site-packages/rest_framework/templates/rest_framework/raw_data_form.html first seen with mtime 1733653785.6696465
DEBUG 2024-12-19 10:18:08,535 autoreload File /home/fennyfeins/srv/webserver/stromszky/backend/venv/lib/python3.12/site-packages/rest_framework/templates/rest_framework/schema.js first seen with mtime 1733653785.6696465
DEBUG 2024-12-19 10:18:08,535 autoreload File /home/fennyfeins/srv/webserver/stromszky/backend/venv/lib/python3.12/site-packages/rest_framework/templates/rest_framework/horizontal first seen with mtime 1733653785.6746464
DEBUG 2024-12-19 10:18:08,535 autoreload File /home/fennyfeins/srv/webserver/stromszky/backend/venv/lib/python3.12/site-packages/rest_framework/templates/rest_framework/login_base.html first seen with mtime 1733653785.6696465
DEBUG 2024-12-19 10:18:08,535 autoreload File /home/fennyfeins/srv/webserver/stromszky/backend/venv/lib/python3.12/site-packages/rest_framework/templates/rest_framework/base.html first seen with mtime 1733653785.6696465
DEBUG 2024-12-19 10:18:08,535 autoreload File /home/fennyfeins/srv/webserver/stromszky/backend/venv/lib/python3.12/site-packages/rest_framework/templates/rest_framework/inline first seen with mtime 1733653785.6766465
DEBUG 2024-12-19 10:18:08,535 autoreload File /home/fennyfeins/srv/webserver/stromszky/backend/venv/lib/python3.12/site-packages/rest_framework/templates/rest_framework/api.html first seen with mtime 1733653785.6686463
DEBUG 2024-12-19 10:18:08,535 autoreload File /home/fennyfeins/srv/webserver/stromszky/backend/venv/lib/python3.12/site-packages/rest_framework/templates/rest_framework/admin first seen with mtime 1733653785.6706464
DEBUG 2024-12-19 10:18:08,535 autoreload File /home/fennyfeins/srv/webserver/stromszky/backend/venv/lib/python3.12/site-packages/rest_framework/templates/rest_framework/vertical first seen with mtime 1733653785.6786463
DEBUG 2024-12-19 10:18:08,535 autoreload File /home/fennyfeins/srv/webserver/stromszky/backend/venv/lib/python3.12/site-packages/rest_framework/templates/rest_framework/filters first seen with mtime 1733653785.6726465
DEBUG 2024-12-19 10:18:08,535 autoreload File /home/fennyfeins/srv/webserver/stromszky/backend/venv/lib/python3.12/site-packages/rest_framework/templates/rest_framework/docs/link.html first seen with mtime 1733653785.6716464
DEBUG 2024-12-19 10:18:08,535 autoreload File /home/fennyfeins/srv/webserver/stromszky/backend/venv/lib/python3.12/site-packages/rest_framework/templates/rest_framework/docs/error.html first seen with mtime 1733653785.6706464
DEBUG 2024-12-19 10:18:08,535 autoreload File /home/fennyfeins/srv/webserver/stromszky/backend/venv/lib/python3.12/site-packages/rest_framework/templates/rest_framework/docs/langs first seen with mtime 1733653785.6726465
DEBUG 2024-12-19 10:18:08,535 autoreload File /home/fennyfeins/srv/webserver/stromszky/backend/venv/lib/python3.12/site-packages/rest_framework/templates/rest_framework/docs/sidebar.html first seen with mtime 1733653785.6716464
DEBUG 2024-12-19 10:18:08,535 autoreload File /home/fennyfeins/srv/webserver/stromszky/backend/venv/lib/python3.12/site-packages/rest_framework/templates/rest_framework/docs/interact.html first seen with mtime 1733653785.6706464
DEBUG 2024-12-19 10:18:08,535 autoreload File /home/fennyfeins/srv/webserver/stromszky/backend/venv/lib/python3.12/site-packages/rest_framework/templates/rest_framework/docs/document.html first seen with mtime 1733653785.6706464
DEBUG 2024-12-19 10:18:08,535 autoreload File /home/fennyfeins/srv/webserver/stromszky/backend/venv/lib/python3.12/site-packages/rest_framework/templates/rest_framework/docs/auth first seen with mtime 1733653785.6716464
DEBUG 2024-12-19 10:18:08,535 autoreload File /home/fennyfeins/srv/webserver/stromszky/backend/venv/lib/python3.12/site-packages/rest_framework/templates/rest_framework/docs/index.html first seen with mtime 1733653785.6706464
DEBUG 2024-12-19 10:18:08,535 autoreload File /home/fennyfeins/srv/webserver/stromszky/backend/venv/lib/python3.12/site-packages/rest_framework/templates/rest_framework/pagination/numbers.html first seen with mtime 1733653785.6766465
DEBUG 2024-12-19 10:18:08,536 autoreload File /home/fennyfeins/srv/webserver/stromszky/backend/venv/lib/python3.12/site-packages/rest_framework/templates/rest_framework/pagination/previous_and_next.html first seen with mtime 1733653785.6766465
DEBUG 2024-12-19 10:18:08,536 autoreload File /home/fennyfeins/srv/webserver/stromszky/backend/venv/lib/python3.12/site-packages/rest_framework/templates/rest_framework/horizontal/radio.html first seen with mtime 1733653785.6746464
DEBUG 2024-12-19 10:18:08,536 autoreload File /home/fennyfeins/srv/webserver/stromszky/backend/venv/lib/python3.12/site-packages/rest_framework/templates/rest_framework/horizontal/list_field.html first seen with mtime 1733653785.6736465
DEBUG 2024-12-19 10:18:08,536 autoreload File /home/fennyfeins/srv/webserver/stromszky/backend/venv/lib/python3.12/site-packages/rest_framework/templates/rest_framework/horizontal/textarea.html first seen with mtime 1733653785.6746464
DEBUG 2024-12-19 10:18:08,536 autoreload File /home/fennyfeins/srv/webserver/stromszky/backend/venv/lib/python3.12/site-packages/rest_framework/templates/rest_framework/horizontal/dict_field.html first seen with mtime 1733653785.6736465
DEBUG 2024-12-19 10:18:08,536 autoreload File /home/fennyfeins/srv/webserver/stromszky/backend/venv/lib/python3.12/site-packages/rest_framework/templates/rest_framework/horizontal/form.html first seen with mtime 1733653785.6736465
DEBUG 2024-12-19 10:18:08,536 autoreload File /home/fennyfeins/srv/webserver/stromszky/backend/venv/lib/python3.12/site-packages/rest_framework/templates/rest_framework/horizontal/list_fieldset.html first seen with mtime 1733653785.6746464
DEBUG 2024-12-19 10:18:08,536 autoreload File /home/fennyfeins/srv/webserver/stromszky/backend/venv/lib/python3.12/site-packages/rest_framework/templates/rest_framework/horizontal/select_multiple.html first seen with mtime 1733653785.6746464
DEBUG 2024-12-19 10:18:08,536 autoreload File /home/fennyfeins/srv/webserver/stromszky/backend/venv/lib/python3.12/site-packages/rest_framework/templates/rest_framework/horizontal/checkbox.html first seen with mtime 1733653785.6736465
DEBUG 2024-12-19 10:18:08,536 autoreload File /home/fennyfeins/srv/webserver/stromszky/backend/venv/lib/python3.12/site-packages/rest_framework/templates/rest_framework/horizontal/input.html first seen with mtime 1733653785.6736465
DEBUG 2024-12-19 10:18:08,536 autoreload File /home/fennyfeins/srv/webserver/stromszky/backend/venv/lib/python3.12/site-packages/rest_framework/templates/rest_framework/horizontal/fieldset.html first seen with mtime 1733653785.6736465
DEBUG 2024-12-19 10:18:08,536 autoreload File /home/fennyfeins/srv/webserver/stromszky/backend/venv/lib/python3.12/site-packages/rest_framework/templates/rest_framework/horizontal/checkbox_multiple.html first seen with mtime 1733653785.6736465
DEBUG 2024-12-19 10:18:08,536 autoreload File /home/fennyfeins/srv/webserver/stromszky/backend/venv/lib/python3.12/site-packages/rest_framework/templates/rest_framework/horizontal/select.html first seen with mtime 1733653785.6746464
DEBUG 2024-12-19 10:18:08,536 autoreload File /home/fennyfeins/srv/webserver/stromszky/backend/venv/lib/python3.12/site-packages/rest_framework/templates/rest_framework/inline/radio.html first seen with mtime 1733653785.6756465
DEBUG 2024-12-19 10:18:08,536 autoreload File /home/fennyfeins/srv/webserver/stromszky/backend/venv/lib/python3.12/site-packages/rest_framework/templates/rest_framework/inline/list_field.html first seen with mtime 1733653785.6756465
DEBUG 2024-12-19 10:18:08,536 autoreload File /home/fennyfeins/srv/webserver/stromszky/backend/venv/lib/python3.12/site-packages/rest_framework/templates/rest_framework/inline/textarea.html first seen with mtime 1733653785.6766465
DEBUG 2024-12-19 10:18:08,536 autoreload File /home/fennyfeins/srv/webserver/stromszky/backend/venv/lib/python3.12/site-packages/rest_framework/templates/rest_framework/inline/dict_field.html first seen with mtime 1733653785.6756465
DEBUG 2024-12-19 10:18:08,536 autoreload File /home/fennyfeins/srv/webserver/stromszky/backend/venv/lib/python3.12/site-packages/rest_framework/templates/rest_framework/inline/form.html first seen with mtime 1733653785.6756465
DEBUG 2024-12-19 10:18:08,536 autoreload File /home/fennyfeins/srv/webserver/stromszky/backend/venv/lib/python3.12/site-packages/rest_framework/templates/rest_framework/inline/list_fieldset.html first seen with mtime 1733653785.6756465
DEBUG 2024-12-19 10:18:08,536 autoreload File /home/fennyfeins/srv/webserver/stromszky/backend/venv/lib/python3.12/site-packages/rest_framework/templates/rest_framework/inline/select_multiple.html first seen with mtime 1733653785.6766465
DEBUG 2024-12-19 10:18:08,537 autoreload File /home/fennyfeins/srv/webserver/stromszky/backend/venv/lib/python3.12/site-packages/rest_framework/templates/rest_framework/inline/checkbox.html first seen with mtime 1733653785.6746464
DEBUG 2024-12-19 10:18:08,537 autoreload File /home/fennyfeins/srv/webserver/stromszky/backend/venv/lib/python3.12/site-packages/rest_framework/templates/rest_framework/inline/input.html first seen with mtime 1733653785.6756465
DEBUG 2024-12-19 10:18:08,537 autoreload File /home/fennyfeins/srv/webserver/stromszky/backend/venv/lib/python3.12/site-packages/rest_framework/templates/rest_framework/inline/fieldset.html first seen with mtime 1733653785.6756465
DEBUG 2024-12-19 10:18:08,537 autoreload File /home/fennyfeins/srv/webserver/stromszky/backend/venv/lib/python3.12/site-packages/rest_framework/templates/rest_framework/inline/checkbox_multiple.html first seen with mtime 1733653785.6746464
DEBUG 2024-12-19 10:18:08,537 autoreload File /home/fennyfeins/srv/webserver/stromszky/backend/venv/lib/python3.12/site-packages/rest_framework/templates/rest_framework/inline/select.html first seen with mtime 1733653785.6756465
DEBUG 2024-12-19 10:18:08,537 autoreload File /home/fennyfeins/srv/webserver/stromszky/backend/venv/lib/python3.12/site-packages/rest_framework/templates/rest_framework/admin/list_value.html first seen with mtime 1733653785.6706464
DEBUG 2024-12-19 10:18:08,537 autoreload File /home/fennyfeins/srv/webserver/stromszky/backend/venv/lib/python3.12/site-packages/rest_framework/templates/rest_framework/admin/detail.html first seen with mtime 1733653785.6696465
DEBUG 2024-12-19 10:18:08,537 autoreload File /home/fennyfeins/srv/webserver/stromszky/backend/venv/lib/python3.12/site-packages/rest_framework/templates/rest_framework/admin/simple_list_value.html first seen with mtime 1733653785.6706464
DEBUG 2024-12-19 10:18:08,537 autoreload File /home/fennyfeins/srv/webserver/stromszky/backend/venv/lib/python3.12/site-packages/rest_framework/templates/rest_framework/admin/dict_value.html first seen with mtime 1733653785.6696465
DEBUG 2024-12-19 10:18:08,537 autoreload File /home/fennyfeins/srv/webserver/stromszky/backend/venv/lib/python3.12/site-packages/rest_framework/templates/rest_framework/admin/list.html first seen with mtime 1733653785.6706464
DEBUG 2024-12-19 10:18:08,537 autoreload File /home/fennyfeins/srv/webserver/stromszky/backend/venv/lib/python3.12/site-packages/rest_framework/templates/rest_framework/vertical/radio.html first seen with mtime 1733653785.6776464
DEBUG 2024-12-19 10:18:08,537 autoreload File /home/fennyfeins/srv/webserver/stromszky/backend/venv/lib/python3.12/site-packages/rest_framework/templates/rest_framework/vertical/list_field.html first seen with mtime 1733653785.6776464
DEBUG 2024-12-19 10:18:08,537 autoreload File /home/fennyfeins/srv/webserver/stromszky/backend/venv/lib/python3.12/site-packages/rest_framework/templates/rest_framework/vertical/textarea.html first seen with mtime 1733653785.6786463
DEBUG 2024-12-19 10:18:08,537 autoreload File /home/fennyfeins/srv/webserver/stromszky/backend/venv/lib/python3.12/site-packages/rest_framework/templates/rest_framework/vertical/dict_field.html first seen with mtime 1733653785.6776464
DEBUG 2024-12-19 10:18:08,537 autoreload File /home/fennyfeins/srv/webserver/stromszky/backend/venv/lib/python3.12/site-packages/rest_framework/templates/rest_framework/vertical/form.html first seen with mtime 1733653785.6776464
DEBUG 2024-12-19 10:18:08,537 autoreload File /home/fennyfeins/srv/webserver/stromszky/backend/venv/lib/python3.12/site-packages/rest_framework/templates/rest_framework/vertical/list_fieldset.html first seen with mtime 1733653785.6776464
DEBUG 2024-12-19 10:18:08,537 autoreload File /home/fennyfeins/srv/webserver/stromszky/backend/venv/lib/python3.12/site-packages/rest_framework/templates/rest_framework/vertical/select_multiple.html first seen with mtime 1733653785.6786463
DEBUG 2024-12-19 10:18:08,537 autoreload File /home/fennyfeins/srv/webserver/stromszky/backend/venv/lib/python3.12/site-packages/rest_framework/templates/rest_framework/vertical/checkbox.html first seen with mtime 1733653785.6766465
DEBUG 2024-12-19 10:18:08,537 autoreload File /home/fennyfeins/srv/webserver/stromszky/backend/venv/lib/python3.12/site-packages/rest_framework/templates/rest_framework/vertical/input.html first seen with mtime 1733653785.6776464
DEBUG 2024-12-19 10:18:08,537 autoreload File /home/fennyfeins/srv/webserver/stromszky/backend/venv/lib/python3.12/site-packages/rest_framework/templates/rest_framework/vertical/fieldset.html first seen with mtime 1733653785.6776464
DEBUG 2024-12-19 10:18:08,537 autoreload File /home/fennyfeins/srv/webserver/stromszky/backend/venv/lib/python3.12/site-packages/rest_framework/templates/rest_framework/vertical/checkbox_multiple.html first seen with mtime 1733653785.6766465
DEBUG 2024-12-19 10:18:08,537 autoreload File /home/fennyfeins/srv/webserver/stromszky/backend/venv/lib/python3.12/site-packages/rest_framework/templates/rest_framework/vertical/select.html first seen with mtime 1733653785.6786463
DEBUG 2024-12-19 10:18:08,538 autoreload File /home/fennyfeins/srv/webserver/stromszky/backend/venv/lib/python3.12/site-packages/rest_framework/templates/rest_framework/filters/ordering.html first seen with mtime 1733653785.6726465
DEBUG 2024-12-19 10:18:08,538 autoreload File /home/fennyfeins/srv/webserver/stromszky/backend/venv/lib/python3.12/site-packages/rest_framework/templates/rest_framework/filters/base.html first seen with mtime 1733653785.6726465
DEBUG 2024-12-19 10:18:08,538 autoreload File /home/fennyfeins/srv/webserver/stromszky/backend/venv/lib/python3.12/site-packages/rest_framework/templates/rest_framework/filters/search.html first seen with mtime 1733653785.6726465
DEBUG 2024-12-19 10:18:08,538 autoreload File /home/fennyfeins/srv/webserver/stromszky/backend/venv/lib/python3.12/site-packages/rest_framework/templates/rest_framework/docs/langs/python.html first seen with mtime 1733653785.6726465
DEBUG 2024-12-19 10:18:08,538 autoreload File /home/fennyfeins/srv/webserver/stromszky/backend/venv/lib/python3.12/site-packages/rest_framework/templates/rest_framework/docs/langs/python-intro.html first seen with mtime 1733653785.6726465
DEBUG 2024-12-19 10:18:08,538 autoreload File /home/fennyfeins/srv/webserver/stromszky/backend/venv/lib/python3.12/site-packages/rest_framework/templates/rest_framework/docs/langs/javascript.html first seen with mtime 1733653785.6726465
DEBUG 2024-12-19 10:18:08,538 autoreload File /home/fennyfeins/srv/webserver/stromszky/backend/venv/lib/python3.12/site-packages/rest_framework/templates/rest_framework/docs/langs/shell.html first seen with mtime 1733653785.6726465
DEBUG 2024-12-19 10:18:08,538 autoreload File /home/fennyfeins/srv/webserver/stromszky/backend/venv/lib/python3.12/site-packages/rest_framework/templates/rest_framework/docs/langs/shell-intro.html first seen with mtime 1733653785.6726465
DEBUG 2024-12-19 10:18:08,538 autoreload File /home/fennyfeins/srv/webserver/stromszky/backend/venv/lib/python3.12/site-packages/rest_framework/templates/rest_framework/docs/langs/javascript-intro.html first seen with mtime 1733653785.6716464
DEBUG 2024-12-19 10:18:08,538 autoreload File /home/fennyfeins/srv/webserver/stromszky/backend/venv/lib/python3.12/site-packages/rest_framework/templates/rest_framework/docs/auth/basic.html first seen with mtime 1733653785.6716464
DEBUG 2024-12-19 10:18:08,538 autoreload File /home/fennyfeins/srv/webserver/stromszky/backend/venv/lib/python3.12/site-packages/rest_framework/templates/rest_framework/docs/auth/token.html first seen with mtime 1733653785.6716464
DEBUG 2024-12-19 10:18:08,538 autoreload File /home/fennyfeins/srv/webserver/stromszky/backend/venv/lib/python3.12/site-packages/rest_framework/templates/rest_framework/docs/auth/session.html first seen with mtime 1733653785.6716464
DEBUG 2024-12-19 10:18:08,540 autoreload File /home/fennyfeins/srv/webserver/stromszky/backend/venv/lib/python3.12/site-packages/rest_framework/locale/pl/LC_MESSAGES/django.mo first seen with mtime 1733653785.6476464
DEBUG 2024-12-19 10:18:08,540 autoreload File /home/fennyfeins/srv/webserver/stromszky/backend/venv/lib/python3.12/site-packages/rest_framework/locale/ro/LC_MESSAGES/django.mo first seen with mtime 1733653785.6486464
DEBUG 2024-12-19 10:18:08,540 autoreload File /home/fennyfeins/srv/webserver/stromszky/backend/venv/lib/python3.12/site-packages/rest_framework/locale/de/LC_MESSAGES/django.mo first seen with mtime 1733653785.6366465
DEBUG 2024-12-19 10:18:08,540 autoreload File /home/fennyfeins/srv/webserver/stromszky/backend/venv/lib/python3.12/site-packages/rest_framework/locale/fi/LC_MESSAGES/django.mo first seen with mtime 1733653785.6406465
DEBUG 2024-12-19 10:18:08,540 autoreload File /home/fennyfeins/srv/webserver/stromszky/backend/venv/lib/python3.12/site-packages/rest_framework/locale/ca/LC_MESSAGES/django.mo first seen with mtime 1733653785.6346464
DEBUG 2024-12-19 10:18:08,540 autoreload File /home/fennyfeins/srv/webserver/stromszky/backend/venv/lib/python3.12/site-packages/rest_framework/locale/en_CA/LC_MESSAGES/django.mo first seen with mtime 1733653785.6386464
DEBUG 2024-12-19 10:18:08,540 autoreload File /home/fennyfeins/srv/webserver/stromszky/backend/venv/lib/python3.12/site-packages/rest_framework/locale/zh_Hant/LC_MESSAGES/django.mo first seen with mtime 1733653785.6526465
DEBUG 2024-12-19 10:18:08,540 autoreload File /home/fennyfeins/srv/webserver/stromszky/backend/venv/lib/python3.12/site-packages/rest_framework/locale/cs/LC_MESSAGES/django.mo first seen with mtime 1733653785.6356466
DEBUG 2024-12-19 10:18:08,541 autoreload File /home/fennyfeins/srv/webserver/stromszky/backend/venv/lib/python3.12/site-packages/rest_framework/locale/gl/LC_MESSAGES/django.mo first seen with mtime 1733653785.6416464
DEBUG 2024-12-19 10:18:08,541 autoreload File /home/fennyfeins/srv/webserver/stromszky/backend/venv/lib/python3.12/site-packages/rest_framework/locale/en_AU/LC_MESSAGES/django.mo first seen with mtime 1733653785.6376464
DEBUG 2024-12-19 10:18:08,541 autoreload File /home/fennyfeins/srv/webserver/stromszky/backend/venv/lib/python3.12/site-packages/rest_framework/locale/en/LC_MESSAGES/django.mo first seen with mtime 1733653785.6376464
DEBUG 2024-12-19 10:18:08,541 autoreload File /home/fennyfeins/srv/webserver/stromszky/backend/venv/lib/python3.12/site-packages/rest_framework/locale/id/LC_MESSAGES/django.mo first seen with mtime 1733653785.6426466
DEBUG 2024-12-19 10:18:08,541 autoreload File /home/fennyfeins/srv/webserver/stromszky/backend/venv/lib/python3.12/site-packages/rest_framework/locale/et/LC_MESSAGES/django.mo first seen with mtime 1733653785.6396465
DEBUG 2024-12-19 10:18:08,541 autoreload File /home/fennyfeins/srv/webserver/stromszky/backend/venv/lib/python3.12/site-packages/rest_framework/locale/da/LC_MESSAGES/django.mo first seen with mtime 1733653785.6356466
DEBUG 2024-12-19 10:18:08,541 autoreload File /home/fennyfeins/srv/webserver/stromszky/backend/venv/lib/python3.12/site-packages/rest_framework/locale/ne_NP/LC_MESSAGES/django.mo first seen with mtime 1733653785.6466465
DEBUG 2024-12-19 10:18:08,541 autoreload File /home/fennyfeins/srv/webserver/stromszky/backend/venv/lib/python3.12/site-packages/rest_framework/locale/fr_CA/LC_MESSAGES/django.mo first seen with mtime 1733653785.6406465
DEBUG 2024-12-19 10:18:08,541 autoreload File /home/fennyfeins/srv/webserver/stromszky/backend/venv/lib/python3.12/site-packages/rest_framework/locale/fa_IR/LC_MESSAGES/django.mo first seen with mtime 1733653785.6396465
DEBUG 2024-12-19 10:18:08,541 autoreload File /home/fennyfeins/srv/webserver/stromszky/backend/venv/lib/python3.12/site-packages/rest_framework/locale/nb/LC_MESSAGES/django.mo first seen with mtime 1733653785.6456466
DEBUG 2024-12-19 10:18:08,541 autoreload File /home/fennyfeins/srv/webserver/stromszky/backend/venv/lib/python3.12/site-packages/rest_framework/locale/ach/LC_MESSAGES/django.mo first seen with mtime 1733653785.6336465
DEBUG 2024-12-19 10:18:08,542 autoreload File /home/fennyfeins/srv/webserver/stromszky/backend/venv/lib/python3.12/site-packages/rest_framework/locale/bg/LC_MESSAGES/django.mo first seen with mtime 1733653785.6346464
DEBUG 2024-12-19 10:18:08,542 autoreload File /home/fennyfeins/srv/webserver/stromszky/backend/venv/lib/python3.12/site-packages/rest_framework/locale/zh_CN/LC_MESSAGES/django.mo first seen with mtime 1733653785.6516464
DEBUG 2024-12-19 10:18:08,542 autoreload File /home/fennyfeins/srv/webserver/stromszky/backend/venv/lib/python3.12/site-packages/rest_framework/locale/zh_Hans/LC_MESSAGES/django.mo first seen with mtime 1733653785.6526465
DEBUG 2024-12-19 10:18:08,542 autoreload File /home/fennyfeins/srv/webserver/stromszky/backend/venv/lib/python3.12/site-packages/rest_framework/locale/ko_KR/LC_MESSAGES/django.mo first seen with mtime 1733653785.6446464
DEBUG 2024-12-19 10:18:08,542 autoreload File /home/fennyfeins/srv/webserver/stromszky/backend/venv/lib/python3.12/site-packages/rest_framework/locale/sl/LC_MESSAGES/django.mo first seen with mtime 1733653785.6506464
DEBUG 2024-12-19 10:18:08,542 autoreload File /home/fennyfeins/srv/webserver/stromszky/backend/venv/lib/python3.12/site-packages/rest_framework/locale/th/LC_MESSAGES/django.mo first seen with mtime 1733653785.6506464
DEBUG 2024-12-19 10:18:08,542 autoreload File /home/fennyfeins/srv/webserver/stromszky/backend/venv/lib/python3.12/site-packages/rest_framework/locale/az/LC_MESSAGES/django.mo first seen with mtime 1733653785.6336465
DEBUG 2024-12-19 10:18:08,542 autoreload File /home/fennyfeins/srv/webserver/stromszky/backend/venv/lib/python3.12/site-packages/rest_framework/locale/sk/LC_MESSAGES/django.mo first seen with mtime 1733653785.6496465
DEBUG 2024-12-19 10:18:08,542 autoreload File /home/fennyfeins/srv/webserver/stromszky/backend/venv/lib/python3.12/site-packages/rest_framework/locale/hy/LC_MESSAGES/django.mo first seen with mtime 1733653785.6426466
DEBUG 2024-12-19 10:18:08,542 autoreload File /home/fennyfeins/srv/webserver/stromszky/backend/venv/lib/python3.12/site-packages/rest_framework/locale/pt_BR/LC_MESSAGES/django.mo first seen with mtime 1733653785.6486464
DEBUG 2024-12-19 10:18:08,542 autoreload File /home/fennyfeins/srv/webserver/stromszky/backend/venv/lib/python3.12/site-packages/rest_framework/locale/ru/LC_MESSAGES/django.mo first seen with mtime 1733653785.6496465
DEBUG 2024-12-19 10:18:08,543 autoreload File /home/fennyfeins/srv/webserver/stromszky/backend/venv/lib/python3.12/site-packages/rest_framework/locale/pt/LC_MESSAGES/django.mo first seen with mtime 1733653785.6476464
DEBUG 2024-12-19 10:18:08,543 autoreload File /home/fennyfeins/srv/webserver/stromszky/backend/venv/lib/python3.12/site-packages/rest_framework/locale/ru_RU/LC_MESSAGES/django.mo first seen with mtime 1733653785.6496465
DEBUG 2024-12-19 10:18:08,543 autoreload File /home/fennyfeins/srv/webserver/stromszky/backend/venv/lib/python3.12/site-packages/rest_framework/locale/fr/LC_MESSAGES/django.mo first seen with mtime 1733653785.6406465
DEBUG 2024-12-19 10:18:08,543 autoreload File /home/fennyfeins/srv/webserver/stromszky/backend/venv/lib/python3.12/site-packages/rest_framework/locale/ja/LC_MESSAGES/django.mo first seen with mtime 1733653785.6436465
DEBUG 2024-12-19 10:18:08,543 autoreload File /home/fennyfeins/srv/webserver/stromszky/backend/venv/lib/python3.12/site-packages/rest_framework/locale/nn/LC_MESSAGES/django.mo first seen with mtime 1733653785.6476464
DEBUG 2024-12-19 10:18:08,543 autoreload File /home/fennyfeins/srv/webserver/stromszky/backend/venv/lib/python3.12/site-packages/rest_framework/locale/en_US/LC_MESSAGES/django.mo first seen with mtime 1733653785.6386464
DEBUG 2024-12-19 10:18:08,543 autoreload File /home/fennyfeins/srv/webserver/stromszky/backend/venv/lib/python3.12/site-packages/rest_framework/locale/ca_ES/LC_MESSAGES/django.mo first seen with mtime 1733653785.6356466
DEBUG 2024-12-19 10:18:08,543 autoreload File /home/fennyfeins/srv/webserver/stromszky/backend/venv/lib/python3.12/site-packages/rest_framework/locale/sv/LC_MESSAGES/django.mo first seen with mtime 1733653785.6506464
DEBUG 2024-12-19 10:18:08,543 autoreload File /home/fennyfeins/srv/webserver/stromszky/backend/venv/lib/python3.12/site-packages/rest_framework/locale/tr/LC_MESSAGES/django.mo first seen with mtime 1733653785.6506464
DEBUG 2024-12-19 10:18:08,543 autoreload File /home/fennyfeins/srv/webserver/stromszky/backend/venv/lib/python3.12/site-packages/rest_framework/locale/ar/LC_MESSAGES/django.mo first seen with mtime 1733653785.6336465
DEBUG 2024-12-19 10:18:08,543 autoreload File /home/fennyfeins/srv/webserver/stromszky/backend/venv/lib/python3.12/site-packages/rest_framework/locale/el/LC_MESSAGES/django.mo first seen with mtime 1733653785.6366465
DEBUG 2024-12-19 10:18:08,544 autoreload File /home/fennyfeins/srv/webserver/stromszky/backend/venv/lib/python3.12/site-packages/rest_framework/locale/tr_TR/LC_MESSAGES/django.mo first seen with mtime 1733653785.6516464
DEBUG 2024-12-19 10:18:08,544 autoreload File /home/fennyfeins/srv/webserver/stromszky/backend/venv/lib/python3.12/site-packages/rest_framework/locale/zh_TW/LC_MESSAGES/django.mo first seen with mtime 1733653785.6526465
DEBUG 2024-12-19 10:18:08,544 autoreload File /home/fennyfeins/srv/webserver/stromszky/backend/venv/lib/python3.12/site-packages/rest_framework/locale/be/LC_MESSAGES/django.mo first seen with mtime 1733653785.6346464
DEBUG 2024-12-19 10:18:08,544 autoreload File /home/fennyfeins/srv/webserver/stromszky/backend/venv/lib/python3.12/site-packages/rest_framework/locale/vi/LC_MESSAGES/django.mo first seen with mtime 1733653785.6516464
DEBUG 2024-12-19 10:18:08,544 autoreload File /home/fennyfeins/srv/webserver/stromszky/backend/venv/lib/python3.12/site-packages/rest_framework/locale/pt_PT/LC_MESSAGES/django.mo first seen with mtime 1733653785.6486464
DEBUG 2024-12-19 10:18:08,544 autoreload File /home/fennyfeins/srv/webserver/stromszky/backend/venv/lib/python3.12/site-packages/rest_framework/locale/gl_ES/LC_MESSAGES/django.mo first seen with mtime 1733653785.6416464
DEBUG 2024-12-19 10:18:08,544 autoreload File /home/fennyfeins/srv/webserver/stromszky/backend/venv/lib/python3.12/site-packages/rest_framework/locale/uk/LC_MESSAGES/django.mo first seen with mtime 1733653785.6516464
DEBUG 2024-12-19 10:18:08,544 autoreload File /home/fennyfeins/srv/webserver/stromszky/backend/venv/lib/python3.12/site-packages/rest_framework/locale/hu/LC_MESSAGES/django.mo first seen with mtime 1733653785.6426466
DEBUG 2024-12-19 10:18:08,544 autoreload File /home/fennyfeins/srv/webserver/stromszky/backend/venv/lib/python3.12/site-packages/rest_framework/locale/lv/LC_MESSAGES/django.mo first seen with mtime 1733653785.6446464
DEBUG 2024-12-19 10:18:08,544 autoreload File /home/fennyfeins/srv/webserver/stromszky/backend/venv/lib/python3.12/site-packages/rest_framework/locale/es/LC_MESSAGES/django.mo first seen with mtime 1733653785.6386464
DEBUG 2024-12-19 10:18:08,544 autoreload File /home/fennyfeins/srv/webserver/stromszky/backend/venv/lib/python3.12/site-packages/rest_framework/locale/he_IL/LC_MESSAGES/django.mo first seen with mtime 1733653785.6416464
DEBUG 2024-12-19 10:18:08,545 autoreload File /home/fennyfeins/srv/webserver/stromszky/backend/venv/lib/python3.12/site-packages/rest_framework/locale/fa/LC_MESSAGES/django.mo first seen with mtime 1733653785.6396465
DEBUG 2024-12-19 10:18:08,545 autoreload File /home/fennyfeins/srv/webserver/stromszky/backend/venv/lib/python3.12/site-packages/rest_framework/locale/lt/LC_MESSAGES/django.mo first seen with mtime 1733653785.6446464
DEBUG 2024-12-19 10:18:08,545 autoreload File /home/fennyfeins/srv/webserver/stromszky/backend/venv/lib/python3.12/site-packages/rest_framework/locale/nl/LC_MESSAGES/django.mo first seen with mtime 1733653785.6466465
DEBUG 2024-12-19 10:18:08,545 autoreload File /home/fennyfeins/srv/webserver/stromszky/backend/venv/lib/python3.12/site-packages/rest_framework/locale/no/LC_MESSAGES/django.mo first seen with mtime 1733653785.6476464
DEBUG 2024-12-19 10:18:08,545 autoreload File /home/fennyfeins/srv/webserver/stromszky/backend/venv/lib/python3.12/site-packages/rest_framework/locale/it/LC_MESSAGES/django.mo first seen with mtime 1733653785.6436465
DEBUG 2024-12-19 10:18:08,545 autoreload File /home/fennyfeins/srv/webserver/stromszky/backend/venv/lib/python3.12/site-packages/rest_framework/locale/mk/LC_MESSAGES/django.mo first seen with mtime 1733653785.6456466
DEBUG 2024-12-19 10:18:08,545 autoreload File /home/fennyfeins/srv/webserver/stromszky/backend/venv/lib/python3.12/site-packages/rest_framework/locale/el_GR/LC_MESSAGES/django.mo first seen with mtime 1733653785.6376464
DEBUG 2024-12-19 10:18:09,598 autoreload File /usr/lib/python3.12/stringprep.py first seen with mtime 1730917939.0
DEBUG 2024-12-19 10:18:09,598 autoreload File /home/fennyfeins/srv/webserver/stromszky/backend/backend/wsgi.py first seen with mtime 1733469847.8445373
DEBUG 2024-12-19 10:18:09,599 autoreload File /home/fennyfeins/srv/webserver/stromszky/backend/venv/lib/python3.12/site-packages/django/db/models/sql/compiler.py first seen with mtime 1733653708.696701
DEBUG 2024-12-19 10:18:09,599 autoreload File /home/fennyfeins/srv/webserver/stromszky/backend/venv/lib/python3.12/site-packages/django/contrib/contenttypes/migrations/0002_remove_content_type_name.py first seen with mtime 1733653708.368701
DEBUG 2024-12-19 10:18:09,599 autoreload File /home/fennyfeins/srv/webserver/stromszky/backend/venv/lib/python3.12/site-packages/django/contrib/admin/migrations/0001_initial.py first seen with mtime 1733653708.2057009
DEBUG 2024-12-19 10:18:09,599 autoreload File /home/fennyfeins/srv/webserver/stromszky/backend/venv/lib/python3.12/site-packages/django/contrib/auth/migrations/0002_alter_permission_name_max_length.py first seen with mtime 1733653708.3307009
DEBUG 2024-12-19 10:18:09,599 autoreload File /home/fennyfeins/srv/webserver/stromszky/backend/venv/lib/python3.12/site-packages/django/contrib/auth/migrations/0001_initial.py first seen with mtime 1733653708.3307009
DEBUG 2024-12-19 10:18:09,600 autoreload File /home/fennyfeins/srv/webserver/stromszky/backend/venv/lib/python3.12/site-packages/django/contrib/admin/migrations/__init__.py first seen with mtime 1733653708.206701
DEBUG 2024-12-19 10:18:09,600 autoreload File /home/fennyfeins/srv/webserver/stromszky/backend/venv/lib/python3.12/site-packages/django/contrib/auth/migrations/0010_alter_group_name_max_length.py first seen with mtime 1733653708.331701
DEBUG 2024-12-19 10:18:09,600 autoreload File /home/fennyfeins/srv/webserver/stromszky/backend/venv/lib/python3.12/site-packages/django/contrib/contenttypes/migrations/__init__.py first seen with mtime 1733653708.368701
DEBUG 2024-12-19 10:18:09,600 autoreload File /usr/lib/python3.12/encodings/idna.py first seen with mtime 1730917939.0
DEBUG 2024-12-19 10:18:09,600 autoreload File /home/fennyfeins/srv/webserver/stromszky/backend/venv/lib/python3.12/site-packages/django/contrib/sessions/migrations/0001_initial.py first seen with mtime 1733653708.614701
DEBUG 2024-12-19 10:18:09,600 autoreload File /home/fennyfeins/srv/webserver/stromszky/backend/venv/lib/python3.12/site-packages/django/contrib/auth/migrations/0012_alter_user_first_name_max_length.py first seen with mtime 1733653708.331701
DEBUG 2024-12-19 10:18:09,600 autoreload File /home/fennyfeins/srv/webserver/stromszky/backend/venv/lib/python3.12/site-packages/django/contrib/auth/migrations/0003_alter_user_email_max_length.py first seen with mtime 1733653708.3307009
DEBUG 2024-12-19 10:18:09,600 autoreload File /home/fennyfeins/srv/webserver/stromszky/backend/venv/lib/python3.12/site-packages/django/contrib/auth/migrations/0004_alter_user_username_opts.py first seen with mtime 1733653708.3307009
DEBUG 2024-12-19 10:18:09,600 autoreload File /home/fennyfeins/srv/webserver/stromszky/backend/venv/lib/python3.12/site-packages/django/contrib/admin/migrations/0002_logentry_remove_auto_add.py first seen with mtime 1733653708.206701
DEBUG 2024-12-19 10:18:09,601 autoreload File /home/fennyfeins/srv/webserver/stromszky/backend/venv/lib/python3.12/site-packages/django/views/defaults.py first seen with mtime 1733653708.732701
DEBUG 2024-12-19 10:18:09,601 autoreload File /home/fennyfeins/srv/webserver/stromszky/backend/venv/lib/python3.12/site-packages/django/contrib/admin/migrations/0003_logentry_add_action_flag_choices.py first seen with mtime 1733653708.206701
DEBUG 2024-12-19 10:18:09,601 autoreload File /home/fennyfeins/srv/webserver/stromszky/backend/venv/lib/python3.12/site-packages/django/contrib/contenttypes/migrations/0001_initial.py first seen with mtime 1733653708.368701
DEBUG 2024-12-19 10:18:09,601 autoreload File /home/fennyfeins/srv/webserver/stromszky/backend/venv/lib/python3.12/site-packages/django/contrib/sessions/migrations/__init__.py first seen with mtime 1733653708.614701
DEBUG 2024-12-19 10:18:09,601 autoreload File /home/fennyfeins/srv/webserver/stromszky/backend/venv/lib/python3.12/site-packages/django/contrib/auth/migrations/0007_alter_validators_add_error_messages.py first seen with mtime 1733653708.331701
DEBUG 2024-12-19 10:18:09,601 autoreload File /home/fennyfeins/srv/webserver/stromszky/backend/venv/lib/python3.12/site-packages/django/views/csrf.py first seen with mtime 1733653708.732701
DEBUG 2024-12-19 10:18:09,601 autoreload File /home/fennyfeins/srv/webserver/stromszky/backend/venv/lib/python3.12/site-packages/django/db/migrations/loader.py first seen with mtime 1733653708.685701
DEBUG 2024-12-19 10:18:09,602 autoreload File /home/fennyfeins/srv/webserver/stromszky/backend/venv/lib/python3.12/site-packages/django/db/migrations/executor.py first seen with mtime 1733653708.684701
DEBUG 2024-12-19 10:18:09,602 autoreload File /home/fennyfeins/srv/webserver/stromszky/backend/venv/lib/python3.12/site-packages/django/db/migrations/graph.py first seen with mtime 1733653708.684701
DEBUG 2024-12-19 10:18:09,602 autoreload File /home/fennyfeins/srv/webserver/stromszky/backend/venv/lib/python3.12/site-packages/MySQLdb/connections.py first seen with mtime 1733653707.968701
DEBUG 2024-12-19 10:18:09,602 autoreload File /home/fennyfeins/srv/webserver/stromszky/backend/venv/lib/python3.12/site-packages/django/contrib/auth/migrations/0011_update_proxy_permissions.py first seen with mtime 1733653708.331701
DEBUG 2024-12-19 10:18:09,602 autoreload File /home/fennyfeins/srv/webserver/stromszky/backend/venv/lib/python3.12/site-packages/django/db/backends/mysql/compiler.py first seen with mtime 1733653708.677701
DEBUG 2024-12-19 10:18:09,602 autoreload File /home/fennyfeins/srv/webserver/stromszky/backend/venv/lib/python3.12/site-packages/django/contrib/auth/migrations/0009_alter_user_last_name_max_length.py first seen with mtime 1733653708.331701
DEBUG 2024-12-19 10:18:09,602 autoreload File /home/fennyfeins/srv/webserver/stromszky/backend/venv/lib/python3.12/site-packages/django/contrib/auth/migrations/__init__.py first seen with mtime 1733653708.331701
DEBUG 2024-12-19 10:18:09,602 autoreload File /home/fennyfeins/srv/webserver/stromszky/backend/venv/lib/python3.12/site-packages/django/conf/urls/__init__.py first seen with mtime 1733653708.119701
DEBUG 2024-12-19 10:18:09,602 autoreload File /home/fennyfeins/srv/webserver/stromszky/backend/venv/lib/python3.12/site-packages/django/db/migrations/recorder.py first seen with mtime 1733653708.685701
DEBUG 2024-12-19 10:18:09,602 autoreload File /home/fennyfeins/srv/webserver/stromszky/backend/venv/lib/python3.12/site-packages/django/contrib/auth/migrations/0008_alter_user_username_max_length.py first seen with mtime 1733653708.331701
DEBUG 2024-12-19 10:18:09,603 autoreload File /home/fennyfeins/srv/webserver/stromszky/backend/api/migrations/0001_initial.py first seen with mtime 1733469847.8435373
DEBUG 2024-12-19 10:18:09,603 autoreload File /home/fennyfeins/srv/webserver/stromszky/backend/venv/lib/python3.12/site-packages/django/contrib/sessions/backends/db.py first seen with mtime 1733653708.578701
DEBUG 2024-12-19 10:18:09,603 autoreload File /home/fennyfeins/srv/webserver/stromszky/backend/venv/lib/python3.12/site-packages/django/contrib/auth/migrations/0005_alter_user_last_login_null.py first seen with mtime 1733653708.3307009
DEBUG 2024-12-19 10:18:09,603 autoreload File /home/fennyfeins/srv/webserver/stromszky/backend/venv/lib/python3.12/site-packages/django/contrib/auth/migrations/0006_require_contenttypes_0002.py first seen with mtime 1733653708.331701
DEBUG 2024-12-19 10:18:09,603 autoreload File /home/fennyfeins/srv/webserver/stromszky/backend/venv/lib/python3.12/site-packages/MySQLdb/cursors.py first seen with mtime 1733653707.968701
DEBUG 2024-12-19 10:18:09,603 autoreload File /home/fennyfeins/srv/webserver/stromszky/backend/api/migrations/__init__.py first seen with mtime 1733469847.8435373
WARNING 2024-12-19 10:21:35,447 log Bad Request: /api/customers/
